,종목코드,회사명,업종
0,000020,동화약품,의약품 제조업
1,000040,KR모터스,그외 기타 운송장비 제조업
2,000050,경방,종합 소매업
3,000060,메리츠화재,보험업
4,000070,삼양홀딩스,기타 금융업
5,000080,하이트진로,알코올음료 제조업
6,000100,유한양행,의약품 제조업
7,000120,CJ대한통운,도로 화물 운송업
8,000140,하이트진로홀딩스,기타 금융업
9,000150,두산,회사 본부 및 경영 컨설팅 서비스업
10,000180,성창기업지주,회사 본부 및 경영 컨설팅 서비스업
11,000210,대림산업,토목 건설업
12,000220,유유제약,의약품 제조업
13,000230,일동홀딩스,의약품 제조업
14,000240,한국테크놀로지그룹,기타 금융업
15,000250,삼천당제약,의약품 제조업
16,000270,기아차,자동차용 엔진 및 자동차 제조업
17,000300,대유플러스,통신 및 방송 장비 제조업
18,000320,노루홀딩스,기타 금융업
19,000370,한화손해보험,보험업
20,000390,삼화페인트,기타 화학제품 제조업
21,000400,롯데손해보험,보험업
22,000430,대원강업,자동차 신품 부품 제조업
23,000440,중앙에너비스,기타 전문 도매업
24,000480,조선내화,"내화, 비내화 요업제품 제조업"
25,000490,대동공업,특수 목적용 기계 제조업
26,000500,가온전선,절연선 및 케이블 제조업
27,000520,삼일제약,의약품 제조업
28,000540,흥국화재,보험업
29,000590,CS홀딩스,기타 금융업
30,000640,동아쏘시오홀딩스,기타 금융업
31,000650,천일고속,육상 여객 운송업
32,000660,SK하이닉스,반도체 제조업
33,000670,영풍,1차 비철금속 제조업
34,000680,LS네트웍스,상품 종합 도매업
35,000700,유수홀딩스,회사 본부 및 경영 컨설팅 서비스업
36,000720,현대건설,토목 건설업
37,000760,이화산업,기타 전문 도매업
38,000810,삼성화재,보험업
39,000850,화천기공,특수 목적용 기계 제조업
40,000860,강남제비스코,기타 화학제품 제조업
41,000880,한화,기타 화학제품 제조업
42,000890,보해양조,알코올음료 제조업
43,000910,유니온,"시멘트, 석회, 플라스터 및 그 제품 제조업"
44,000950,전방,방적 및 가공사 제조업
45,000970,한국주철관,1차 철강 제조업
46,000990,DB하이텍,반도체 제조업
47,001000,신라섬유,가전제품 및 정보통신장비 소매업
48,001020,페이퍼코리아,"펄프, 종이 및 판지 제조업"
49,001040,CJ,기타 금융업
50,001060,JW중외제약,의약품 제조업
51,001070,대한방직,직물직조 및 직물제품 제조업
52,001080,만호제강,1차 철강 제조업
53,001120,LG상사,상품 중개업
54,001130,대한제분,"곡물가공품, 전분 및 전분제품 제조업"
55,001140,국보,도로 화물 운송업
56,001200,유진투자증권,금융 지원 서비스업
57,001210,금호전기,전구 및 조명장치 제조업
58,001230,동국제강,1차 철강 제조업
59,001250,GS글로벌,상품 종합 도매업
60,001260,남광토건,토목 건설업
61,001270,부국증권,금융 지원 서비스업
62,001290,상상인증권,금융 지원 서비스업
63,001340,백광산업,기초 화학물질 제조업
64,001360,삼성제약,의약품 제조업
65,001380,SG충방,자동차 신품 부품 제조업
66,001390,KG케미칼,기초 화학물질 제조업
67,001420,태원물산,자동차 신품 부품 제조업
68,001430,세아베스틸,1차 철강 제조업
69,001440,대한전선,절연선 및 케이블 제조업
70,001450,현대해상,보험업
71,001460,BYC,봉제의복 제조업
72,001470,삼부토건,토목 건설업
73,001500,현대차증권,금융 지원 서비스업
74,001510,SK증권,금융 지원 서비스업
75,001520,동양,"시멘트, 석회, 플라스터 및 그 제품 제조업"
76,001530,DI동일,상품 중개업
77,001540,안국약품,의약품 제조업
78,001550,조비,"비료, 농약 및 살균, 살충제 제조업"
79,001560,제일연마,기타 비금속 광물제품 제조업
80,001570,금양,기초 화학물질 제조업
81,001620,케이비아이동국실업,자동차 신품 부품 제조업
82,001630,종근당홀딩스,의약품 제조업
83,001680,대상,기타 식품 제조업
84,001720,신영증권,금융 지원 서비스업
85,001740,SK네트웍스,기타 전문 도매업
86,001750,한양증권,금융 지원 서비스업
87,001770,신화실업,1차 철강 제조업
88,001780,알루코,1차 비철금속 제조업
89,001790,대한제당,"곡물가공품, 전분 및 전분제품 제조업"
90,001800,오리온홀딩스,기타 금융업
91,001810,무림SP,"펄프, 종이 및 판지 제조업"
92,001820,삼화콘덴서,전자부품 제조업
93,001840,이화공영,건물 건설업
94,001880,대림건설,건물 건설업
95,001940,KISCO홀딩스,1차 철강 제조업
96,002020,코오롱,기타 금융업
97,002030,아세아,회사 본부 및 경영 컨설팅 서비스업
98,002070,비비안,봉제의복 제조업
99,002100,경농,"비료, 농약 및 살균, 살충제 제조업"
100,002140,고려산업,"곡물가공품, 전분 및 전분제품 제조업"
101,002150,도화엔지니어링,"건축기술, 엔지니어링 및 관련 기술 서비스업"
102,002170,삼양통상,"가죽, 가방 및 유사제품 제조업"
103,002200,한국수출포장,"골판지, 종이 상자 및 종이용기 제조업"
104,002210,동성제약,의약품 제조업
105,002220,한일철강,1차 철강 제조업
106,002230,피에스텍,"측정, 시험, 항해, 제어 및 기타 정밀기기 제조업; 광학기기 제외"
107,002240,고려제강,1차 철강 제조업
108,002270,롯데푸드,낙농제품 및 식용빙과류 제조업
109,002290,삼일기업공사,건물 건설업
110,002310,아세아제지,"골판지, 종이 상자 및 종이용기 제조업"
111,002320,한진,도로 화물 운송업
112,002350,넥센타이어,고무제품 제조업
113,002360,SH에너지화학,기초 화학물질 제조업
114,002380,KCC,기타 화학제품 제조업
115,002390,한독,의약품 제조업
116,002410,범양건영,건물 건설업
117,002420,세기상사,"영화, 비디오물, 방송프로그램 제작 및 배급업"
118,002450,삼익악기,악기 제조업
119,002460,화성산업,건물 건설업
120,002600,조흥,기타 식품 제조업
121,002620,제일파마홀딩스,회사 본부 및 경영 컨설팅 서비스업
122,002630,오리엔트바이오,의약품 제조업
123,002680,한탑,"곡물가공품, 전분 및 전분제품 제조업"
124,002690,동일제강,1차 철강 제조업
125,002700,신일전자,기계장비 및 관련 물품 도매업
126,002710,TCC스틸,1차 철강 제조업
127,002720,국제약품,의약품 제조업
128,002760,보락,기타 화학제품 제조업
129,002780,진흥기업,토목 건설업
130,002790,아모레G,기타 화학제품 제조업
131,002800,신신제약,의약품 제조업
132,002810,삼영무역,기타 전문 도매업
133,002820,선창산업,나무제품 제조업
134,002840,미원상사,기타 화학제품 제조업
135,002870,신풍제지,"펄프, 종이 및 판지 제조업"
136,002880,대유에이텍,자동차 신품 부품 제조업
137,002900,동양물산,특수 목적용 기계 제조업
138,002920,유성기업,자동차 신품 부품 제조업
139,002960,한국쉘석유,석유 정제품 제조업
140,002990,금호산업,건물 건설업
141,003000,부광약품,의약품 제조업
142,003010,혜인,기계장비 및 관련 물품 도매업
143,003030,세아제강지주,기타 금융업
144,003060,에이프로젠제약,의약품 제조업
145,003070,코오롱글로벌,토목 건설업
146,003080,성보화학,"비료, 농약 및 살균, 살충제 제조업"
147,003090,대웅,기타 금융업
148,003100,선광,기타 운송관련 서비스업
149,003120,일성신약,의약품 제조업
150,003160,디아이,"측정, 시험, 항해, 제어 및 기타 정밀기기 제조업; 광학기기 제외"
151,003200,일신방직,방적 및 가공사 제조업
152,003220,대원제약,의약품 제조업
153,003230,삼양식품,기타 식품 제조업
154,003240,태광산업,화학섬유 제조업
155,003280,흥아해운,해상 운송업
156,003300,한일홀딩스,"시멘트, 석회, 플라스터 및 그 제품 제조업"
157,003310,대주산업,동물용 사료 및 조제식품 제조업
158,003350,한국화장품제조,기타 화학제품 제조업
159,003380,하림지주,기타 금융업
160,003410,쌍용양회,"시멘트, 석회, 플라스터 및 그 제품 제조업"
161,003460,유화증권,금융 지원 서비스업
162,003470,유안타증권,금융 지원 서비스업
163,003480,한진중공업홀딩스,연료용 가스 제조 및 배관공급업
164,003490,대한항공,항공 여객 운송업
165,003520,영진약품,의약품 제조업
166,003530,한화투자증권,금융 지원 서비스업
167,003540,대신증권,금융 지원 서비스업
168,003550,LG,기타 금융업
169,003560,IHQ,"영화, 비디오물, 방송프로그램 제작 및 배급업"
170,003570,S&T중공업,자동차 신품 부품 제조업
171,003580,넥스트사이언스,기타 비금속광물 광업
172,003610,방림,직물직조 및 직물제품 제조업
173,003620,쌍용차,자동차용 엔진 및 자동차 제조업
174,003650,미창석유,석유 정제품 제조업
175,003670,포스코케미칼,"내화, 비내화 요업제품 제조업"
176,003680,한성기업,수산물 가공 및 저장 처리업
177,003690,코리안리,재 보험업
178,003720,삼영화학,플라스틱제품 제조업
179,003780,진양산업,플라스틱제품 제조업
180,003800,에이스침대,가구 제조업
181,003830,대한화섬,화학섬유 제조업
182,003850,보령제약,의약품 제조업
183,003920,남양유업,낙농제품 및 식용빙과류 제조업
184,003960,사조대림,수산물 가공 및 저장 처리업
185,004000,롯데정밀화학,기초 화학물질 제조업
186,004020,현대제철,1차 철강 제조업
187,004060,SG세계물산,상품 종합 도매업
188,004080,신흥,기계장비 및 관련 물품 도매업
189,004090,한국석유,기타 비금속 광물제품 제조업
190,004100,태양금속,자동차 신품 부품 제조업
191,004140,동방,기타 운송관련 서비스업
192,004150,한솔홀딩스,기타 금융업
193,004170,신세계,종합 소매업
194,004250,NPC,플라스틱제품 제조업
195,004270,남성,기타 전문 도매업
196,004310,현대약품,의약품 제조업
197,004360,세방,도로 화물 운송업
198,004370,농심,기타 식품 제조업
199,004380,삼익THK,일반 목적용 기계 제조업
200,004410,서울식품,기타 식품 제조업
201,004430,송원산업,기타 화학제품 제조업
202,004440,삼일씨엔에스,"시멘트, 석회, 플라스터 및 그 제품 제조업"
203,004450,삼화왕관,기타 금속 가공제품 제조업
204,004490,세방전지,일차전지 및 축전지 제조업
205,004540,깨끗한나라,"펄프, 종이 및 판지 제조업"
206,004560,현대비앤지스틸,1차 철강 제조업
207,004590,한국가구,생활용품 도매업
208,004650,창해에탄올,알코올음료 제조업
209,004690,삼천리,연료용 가스 제조 및 배관공급업
210,004700,조광피혁,"가죽, 가방 및 유사제품 제조업"
211,004710,한솔테크닉스,전자부품 제조업
212,004720,우리들제약,의약품 제조업
213,004770,써니전자,반도체 제조업
214,004780,대륙제관,기타 금속 가공제품 제조업
215,004800,효성,기타 금융업
216,004830,덕성,플라스틱제품 제조업
217,004840,DRB동일,기타 금융업
218,004870,티웨이홀딩스,"시멘트, 석회, 플라스터 및 그 제품 제조업"
219,004890,동일산업,1차 철강 제조업
220,004910,조광페인트,기타 화학제품 제조업
221,004920,씨아이테크,그외 기타 제품 제조업
222,004960,한신공영,건물 건설업
223,004970,신라교역,어로 어업
224,004980,성신양회,"시멘트, 석회, 플라스터 및 그 제품 제조업"
225,004990,롯데지주,기타 금융업
226,005010,휴스틸,1차 철강 제조업
227,005030,부산주공,자동차 신품 부품 제조업
228,005070,코스모신소재,기타 화학제품 제조업
229,005090,삼광글라스,유리 및 유리제품 제조업
230,005110,한창,기계장비 및 관련 물품 도매업
231,005160,동국산업,1차 철강 제조업
232,005180,빙그레,낙농제품 및 식용빙과류 제조업
233,005190,동성화학,기초 화학물질 제조업
234,005250,녹십자홀딩스,회사 본부 및 경영 컨설팅 서비스업
235,005290,동진쎄미켐,기초 화학물질 제조업
236,005300,롯데칠성,비알코올음료 및 얼음 제조업
237,005320,국동,생활용품 도매업
238,005360,모나미,생활용품 도매업
239,005380,현대차,자동차용 엔진 및 자동차 제조업
240,005390,신성통상,기타 전문 도매업
241,005420,코스모화학,기타 화학제품 제조업
242,005430,한국공항,기타 운송관련 서비스업
243,005440,현대그린푸드,종합 소매업
244,005490,POSCO,1차 철강 제조업
245,005500,삼진제약,의약품 제조업
246,005610,SPC삼립,기타 식품 제조업
247,005670,푸드웰,"과실, 채소 가공 및 저장 처리업"
248,005680,삼영전자,전자부품 제조업
249,005690,파미셀,기초 의약물질 및 생물학적 제제 제조업
250,005710,대원산업,자동차 신품 부품 제조업
251,005720,넥센,고무제품 제조업
252,005740,크라운해태홀딩스,기타 금융업
253,005750,대림B&Co,"내화, 비내화 요업제품 제조업"
254,005800,신영와코루,봉제의복 제조업
255,005810,풍산홀딩스,기타 금융업
256,005820,원림,직물직조 및 직물제품 제조업
257,005830,DB손해보험,보험업
258,005850,에스엘,자동차 신품 부품 제조업
259,005860,한일사료,동물용 사료 및 조제식품 제조업
260,005870,휴니드,통신 및 방송 장비 제조업
261,005880,대한해운,해상 운송업
262,005930,삼성전자,통신 및 방송 장비 제조업
263,005940,NH투자증권,금융 지원 서비스업
264,005950,이수화학,기초 화학물질 제조업
265,005960,동부건설,토목 건설업
266,005990,매일홀딩스,낙농제품 및 식용빙과류 제조업
267,006040,동원산업,어로 어업
268,006050,국영지앤엠,유리 및 유리제품 제조업
269,006060,화승인더,플라스틱제품 제조업
270,006090,사조오양,수산물 가공 및 저장 처리업
271,006110,삼아알미늄,1차 비철금속 제조업
272,006120,SK디스커버리,기타 금융업
273,006140,피제이전자,의료용 기기 제조업
274,006200,한국전자홀딩스,기타 금융업
275,006220,제주은행,은행 및 저축기관
276,006260,LS,기타 금융업
277,006280,녹십자,의약품 제조업
278,006340,대원전선,절연선 및 케이블 제조업
279,006360,GS건설,건물 건설업
280,006370,대구백화점,종합 소매업
281,006380,카프로,기초 화학물질 제조업
282,006390,한일현대시멘트,"시멘트, 석회, 플라스터 및 그 제품 제조업"
283,006400,삼성SDI,일차전지 및 축전지 제조업
284,006490,인스코비,전기 통신업
285,006570,대림통상,기타 금속 가공제품 제조업
286,006580,대양제지,"펄프, 종이 및 판지 제조업"
287,006620,동구바이오제약,의약품 제조업
288,006650,대한유화,기초 화학물질 제조업
289,006660,삼성공조,자동차 신품 부품 제조업
290,006730,서부T&D,일반 및 생활 숙박시설 운영업
291,006740,영풍제지,"골판지, 종이 상자 및 종이용기 제조업"
292,006800,미래에셋대우,금융 지원 서비스업
293,006840,AK홀딩스,기타 금융업
294,006880,신송홀딩스,산업용 농·축산물 및 동·식물 도매업
295,006890,태경케미컬,기초 화학물질 제조업
296,006910,보성파워텍,"구조용 금속제품, 탱크 및 증기발생기 제조업"
297,006920,모헨즈,"시멘트, 석회, 플라스터 및 그 제품 제조업"
298,006980,우성사료,"곡물가공품, 전분 및 전분제품 제조업"
299,007070,GS리테일,종합 소매업
300,007110,일신석재,"건축자재, 철물 및 난방장치 도매업"
301,007120,미래아이앤지,"컴퓨터 프로그래밍, 시스템 통합 및 관리업"
302,007160,사조산업,어로 어업
303,007210,벽산,기타 비금속 광물제품 제조업
304,007280,한국특수형강,1차 철강 제조업
305,007310,오뚜기,기타 식품 제조업
306,007330,푸른저축은행,은행 및 저축기관
307,007340,디티알오토모티브,일차전지 및 축전지 제조업
308,007370,진양제약,의약품 제조업
309,007390,네이처셀,기초 의약물질 및 생물학적 제제 제조업
310,007460,에이프로젠 KIC,기타 금속 가공제품 제조업
311,007530,영신금속,기타 금속 가공제품 제조업
312,007540,샘표,기타 금융업
313,007570,일양약품,의약품 제조업
314,007590,동방아그로,"비료, 농약 및 살균, 살충제 제조업"
315,007610,선도전기,"전동기, 발전기 및 전기 변환 · 공급 · 제어 장치 제조업"
316,007630,폴루스바이오팜,상품 중개업
317,007660,이수페타시스,전자부품 제조업
318,007680,대원,건물 건설업
319,007690,국도화학,기초 화학물질 제조업
320,007700,F&F,봉제의복 제조업
321,007720,대명소노시즌,상품 종합 도매업
322,007770,한일화학,기초 화학물질 제조업
323,007810,코리아써키트,전자부품 제조업
324,007820,에스엠코어,일반 목적용 기계 제조업
325,007860,서연,기타 금융업
326,007980,태평양물산,봉제의복 제조업
327,008040,사조동아원,"곡물가공품, 전분 및 전분제품 제조업"
328,008060,대덕,전자부품 제조업
329,008110,대동전자,통신 및 방송 장비 제조업
330,008250,이건산업,나무제품 제조업
331,008260,NI스틸,1차 철강 제조업
332,008290,원풍물산,봉제의복 제조업
333,008350,남선알미늄,1차 비철금속 제조업
334,008370,원풍,플라스틱제품 제조업
335,008420,문배철강,1차 철강 제조업
336,008470,부스타,"구조용 금속제품, 탱크 및 증기발생기 제조업"
337,008490,서흥,기타 화학제품 제조업
338,008500,일정실업,편조원단 제조업
339,008560,메리츠증권,금융 지원 서비스업
340,008600,윌비스,생활용품 도매업
341,008700,아남전자,영상 및 음향기기 제조업
342,008730,율촌화학,플라스틱제품 제조업
343,008770,호텔신라,기타 상품 전문 소매업
344,008800,행남사,기타 식품 제조업
345,008830,대동기어,특수 목적용 기계 제조업
346,008870,금비,유리 및 유리제품 제조업
347,008930,한미사이언스,기타 금융업
348,008970,동양철관,1차 철강 제조업
349,009070,KCTC,도로 화물 운송업
350,009140,경인전자,전자부품 제조업
351,009150,삼성전기,전자부품 제조업
352,009160,SIMPAC,특수 목적용 기계 제조업
353,009180,한솔로지스틱스,기타 운송관련 서비스업
354,009190,대양금속,1차 철강 제조업
355,009200,무림페이퍼,"펄프, 종이 및 판지 제조업"
356,009240,한샘,생활용품 도매업
357,009270,신원,봉제의복 제조업
358,009290,광동제약,의약품 제조업
359,009300,삼아제약,의약품 제조업
360,009310,참엔지니어링,특수 목적용 기계 제조업
361,009320,대우부품,자동차 신품 부품 제조업
362,009410,태영건설,토목 건설업
363,009420,한올바이오파마,의약품 제조업
364,009440,KC그린홀딩스,기타 금융업
365,009450,경동나비엔,가정용 기기 제조업
366,009460,한창제지,"펄프, 종이 및 판지 제조업"
367,009470,삼화전기,전자부품 제조업
368,009520,포스코엠텍,1차 철강 제조업
369,009540,한국조선해양,선박 및 보트 건조업
370,009580,무림P&P,"펄프, 종이 및 판지 제조업"
371,009620,삼보산업,1차 비철금속 제조업
372,009680,모토닉,자동차 신품 부품 제조업
373,009730,코센,1차 철강 제조업
374,009770,삼정펄프,"펄프, 종이 및 판지 제조업"
375,009780,엠에스씨,기타 식품 제조업
376,009810,엔케이물산,기타 전문 도매업
377,009830,한화솔루션,기초 화학물질 제조업
378,009970,영원무역홀딩스,기타 금융업
379,010040,한국내화,"내화, 비내화 요업제품 제조업"
380,010050,우리종금,기타 금융업
381,010060,OCI,기초 화학물질 제조업
382,010100,한국프랜지,자동차 신품 부품 제조업
383,010120,LS ELECTRIC,"전동기, 발전기 및 전기 변환 · 공급 · 제어 장치 제조업"
384,010130,고려아연,1차 비철금속 제조업
385,010140,삼성중공업,선박 및 보트 건조업
386,010170,대한광통신,절연선 및 케이블 제조업
387,010240,흥국,특수 목적용 기계 제조업
388,010280,쌍용정보통신,"컴퓨터 프로그래밍, 시스템 통합 및 관리업"
389,010400,우진아이엔에스,건물설비 설치 공사업
390,010420,한솔PNS,기타 전문 도매업
391,010470,오리콤,광고업
392,010580,지코,자동차 신품 부품 제조업
393,010600,웰바이오텍,상품 중개업
394,010620,현대미포조선,선박 및 보트 건조업
395,010640,진양폴리,플라스틱제품 제조업
396,010660,화천기계,특수 목적용 기계 제조업
397,010690,화신,자동차 신품 부품 제조업
398,010770,평화홀딩스,자동차 신품 부품 제조업
399,010780,아이에스동서,"내화, 비내화 요업제품 제조업"
400,010820,퍼스텍,무기 및 총포탄 제조업
401,010950,S-Oil,석유 정제품 제조업
402,010960,삼호개발,기반조성 및 시설물 축조관련 전문공사업
403,011000,진원생명과학,의약품 제조업
404,011040,경동제약,의약품 제조업
405,011070,LG이노텍,전자부품 제조업
406,011080,형지I&C,봉제의복 제조업
407,011090,에넥스,가구 제조업
408,011150,CJ씨푸드,기타 식품 제조업
409,011170,롯데케미칼,기초 화학물질 제조업
410,011200,HMM,해상 운송업
411,011210,현대위아,자동차 신품 부품 제조업
412,011230,삼화전자,영상 및 음향기기 제조업
413,011280,태림포장,"골판지, 종이 상자 및 종이용기 제조업"
414,011300,성안,직물직조 및 직물제품 제조업
415,011320,유니크,자동차 신품 부품 제조업
416,011330,유니켐,"가죽, 가방 및 유사제품 제조업"
417,011370,서한,건물 건설업
418,011390,부산산업,"시멘트, 석회, 플라스터 및 그 제품 제조업"
419,011420,갤럭시아에스엠,스포츠 서비스업
420,011500,한농화성,기타 화학제품 제조업
421,011560,세보엠이씨,건물설비 설치 공사업
422,011690,유양디앤유,반도체 제조업
423,011700,한신기계,일반 목적용 기계 제조업
424,011760,현대상사,상품 종합 도매업
425,011780,금호석유,기초 화학물질 제조업
426,011790,SKC,기타 화학제품 제조업
427,011810,STX,상품 종합 도매업
428,011930,신성이엔지,반도체 제조업
429,012030,DB,"컴퓨터 프로그래밍, 시스템 통합 및 관리업"
430,012160,영흥,1차 철강 제조업
431,012170,키위미디어그룹,"영화, 비디오물, 방송프로그램 제작 및 배급업"
432,012200,계양전기,일반 목적용 기계 제조업
433,012280,영화금속,자동차 신품 부품 제조업
434,012320,경동인베스트,기타 금융업
435,012330,현대모비스,자동차 신품 부품 제조업
436,012340,뉴인텍,전자부품 제조업
437,012450,한화에어로스페이스,"항공기,우주선 및 부품 제조업"
438,012510,더존비즈온,"컴퓨터 프로그래밍, 시스템 통합 및 관리업"
439,012600,센트럴인사이트,일반 목적용 기계 제조업
440,012610,경인양행,기초 화학물질 제조업
441,012620,원일특강,1차 철강 제조업
442,012630,HDC,기타 금융업
443,012690,모나리자,기타 종이 및 판지 제품 제조업
444,012700,리드코프,기타 전문 도매업
445,012750,에스원,"경비, 경호 및 탐정업"
446,012790,신일제약,의약품 제조업
447,012800,대창,1차 비철금속 제조업
448,012860,모베이스전자,자동차 신품 부품 제조업
449,013000,세우글로벌,기타 전문 도매업
450,013030,하이록코리아,1차 철강 제조업
451,013120,동원개발,건물 건설업
452,013310,아진산업,자동차 신품 부품 제조업
453,013360,일성건설,토목 건설업
454,013520,화승알앤에이,자동차 신품 부품 제조업
455,013570,디와이,기타 금융업
456,013580,계룡건설,토목 건설업
457,013700,까뮤이앤씨,건물 건설업
458,013720,청보산업,자동차 신품 부품 제조업
459,013810,스페코,특수 목적용 기계 제조업
460,013870,지엠비코리아,자동차 신품 부품 제조업
461,013890,지누스,가구 제조업
462,013990,아가방컴퍼니,생활용품 도매업
463,014100,메디앙스,기타 화학제품 제조업
464,014130,한익스프레스,도로 화물 운송업
465,014160,대영포장,"골판지, 종이 상자 및 종이용기 제조업"
466,014190,원익큐브,기타 전문 도매업
467,014200,광림,자동차용 엔진 및 자동차 제조업
468,014280,금강공업,1차 철강 제조업
469,014440,영보화학,플라스틱제품 제조업
470,014470,부방,기타 금융업
471,014530,극동유화,석유 정제품 제조업
472,014570,고려제약,의약품 제조업
473,014580,태경비케이,"시멘트, 석회, 플라스터 및 그 제품 제조업"
474,014620,성광벤드,1차 철강 제조업
475,014680,한솔케미칼,기초 화학물질 제조업
476,014710,사조씨푸드,수산물 가공 및 저장 처리업
477,014790,한라,토목 건설업
478,014820,동원시스템즈,플라스틱제품 제조업
479,014830,유니드,기초 화학물질 제조업
480,014910,성문전자,전자부품 제조업
481,014940,오리엔탈정공,일반 목적용 기계 제조업
482,014970,삼륭물산,"골판지, 종이 상자 및 종이용기 제조업"
483,014990,인디에프,봉제의복 제조업
484,015020,이스타코,부동산 임대 및 공급업
485,015230,대창단조,자동차 신품 부품 제조업
486,015260,에이엔피,전자부품 제조업
487,015350,부산가스,연료용 가스 제조 및 배관공급업
488,015360,예스코홀딩스,기타 금융업
489,015540,쎌마테라퓨틱스,기타 사업지원 서비스업
490,015590,큐로,일반 목적용 기계 제조업
491,015710,코콤,통신 및 방송 장비 제조업
492,015750,성우하이텍,자동차 신품 부품 제조업
493,015760,한국전력,전기업
494,015860,일진홀딩스,기타 금융업
495,015890,태경산업,기초 화학물질 제조업
496,016090,대현,봉제의복 제조업
497,016100,리더스코스메틱,기타 화학제품 제조업
498,016250,이테크건설,건물 건설업
499,016360,삼성증권,금융 지원 서비스업
500,016380,KG동부제철,1차 철강 제조업
501,016450,한세예스24홀딩스,봉제의복 제조업
502,016580,환인제약,의약품 제조업
503,016590,신대양제지,"골판지, 종이 상자 및 종이용기 제조업"
504,016600,큐캐피탈,기타 금융업
505,016610,DB금융투자,금융 지원 서비스업
506,016670,포비스티앤씨,기타 전문 도매업
507,016710,대성홀딩스,회사 본부 및 경영 컨설팅 서비스업
508,016740,두올,자동차 신품 부품 제조업
509,016790,현대사료,동물용 사료 및 조제식품 제조업
510,016800,퍼시스,가구 제조업
511,016880,웅진,기타 금융업
512,016920,카스,기계장비 및 관련 물품 도매업
513,017000,신원종합개발,건물 건설업
514,017040,광명전기,"전동기, 발전기 및 전기 변환 · 공급 · 제어 장치 제조업"
515,017180,명문제약,의약품 제조업
516,017250,인터엠,영상 및 음향기기 제조업
517,017370,우신시스템,특수 목적용 기계 제조업
518,017390,서울가스,연료용 가스 제조 및 배관공급업
519,017480,삼현철강,1차 철강 제조업
520,017510,세명전기,기타 금속 가공제품 제조업
521,017550,수산중공업,특수 목적용 기계 제조업
522,017650,대림제지,기타 종이 및 판지 제품 제조업
523,017670,SK텔레콤,전기 통신업
524,017800,현대엘리베이,일반 목적용 기계 제조업
525,017810,풀무원,기타 식품 제조업
526,017890,한국알콜,기타 화학제품 제조업
527,017900,광전자,반도체 제조업
528,017940,E1,기타 전문 도매업
529,017960,한국카본,"구조용 금속제품, 탱크 및 증기발생기 제조업"
530,018000,유니슨,일반 목적용 기계 제조업
531,018120,진로발효,알코올음료 제조업
532,018250,애경산업,기타 화학제품 제조업
533,018260,삼성에스디에스,"컴퓨터 프로그래밍, 시스템 통합 및 관리업"
534,018290,브이티지엠피,컴퓨터 및 주변장치 제조업
535,018310,삼목에스폼,"구조용 금속제품, 탱크 및 증기발생기 제조업"
536,018470,조일알미늄,1차 비철금속 제조업
537,018500,동원금속,자동차 신품 부품 제조업
538,018620,우진비앤지,의약품 제조업
539,018670,SK가스,기타 전문 도매업
540,018680,서울제약,의약품 제조업
541,018700,바른손,"영화, 비디오물, 방송프로그램 제작 및 배급업"
542,018880,한온시스템,일반 목적용 기계 제조업
543,019010,베뉴지,종합 소매업
544,019170,신풍제약,의약품 제조업
545,019180,티에이치엔,기타 전기장비 제조업
546,019210,와이지-원,기타 금속 가공제품 제조업
547,019440,세아특수강,1차 철강 제조업
548,019490,하이트론,영상 및 음향기기 제조업
549,019540,일지테크,자동차 신품 부품 제조업
550,019550,SBI인베스트먼트,신탁업 및 집합투자업
551,019570,리더스 기술투자,신탁업 및 집합투자업
552,019590,엠벤처투자,신탁업 및 집합투자업
553,019660,글로본,상품 종합 도매업
554,019680,대교,초등 교육기관
555,019770,서연탑메탈,특수 목적용 기계 제조업
556,019990,에너토크,일반 목적용 기계 제조업
557,020000,한섬,봉제의복 제조업
558,020120,키다리스튜디오,"자료처리, 호스팅, 포털 및 기타 인터넷 정보매개 서비스업"
559,020150,일진머티리얼즈,전자부품 제조업
560,020180,대신정보통신,"컴퓨터 프로그래밍, 시스템 통합 및 관리업"
561,020400,대동금속,금속 주조업
562,020560,아시아나항공,항공 여객 운송업
563,020710,시공테크,전문디자인업
564,020760,일진디스플,반도체 제조업
565,021040,대호피앤씨,1차 철강 제조업
566,021050,서원,금속 주조업
567,021080,에이티넘인베스트,신탁업 및 집합투자업
568,021240,코웨이,그외 기타 개인 서비스업
569,021320,KCC건설,건물 건설업
570,021650,한국큐빅,플라스틱제품 제조업
571,021820,세원정공,자동차 신품 부품 제조업
572,021880,메이슨캐피탈,기타 금융업
573,022100,포스코 ICT,"건축기술, 엔지니어링 및 관련 기술 서비스업"
574,022220,정산애강,플라스틱제품 제조업
575,023000,삼원강재,자동차 신품 부품 제조업
576,023150,MH에탄올,알코올음료 제조업
577,023160,태광,1차 철강 제조업
578,023350,한국종합기술,"건축기술, 엔지니어링 및 관련 기술 서비스업"
579,023410,유진기업,"시멘트, 석회, 플라스터 및 그 제품 제조업"
580,023440,제일제강,1차 철강 제조업
581,023450,동남합성,기초 화학물질 제조업
582,023460,CNH,신탁업 및 집합투자업
583,023530,롯데쇼핑,종합 소매업
584,023590,다우기술,"자료처리, 호스팅, 포털 및 기타 인터넷 정보매개 서비스업"
585,023600,삼보판지,"펄프, 종이 및 판지 제조업"
586,023760,한국캐피탈,기타 금융업
587,023770,플레이위드,소프트웨어 개발 및 공급업
588,023790,동일철강,1차 철강 제조업
589,023800,인지컨트롤스,자동차 신품 부품 제조업
590,023810,인팩,자동차 신품 부품 제조업
591,023890,한국아트라스비엑스,일차전지 및 축전지 제조업
592,023900,풍국주정,알코올음료 제조업
593,023910,대한약품,의약품 제조업
594,023960,에쓰씨엔지니어링,토목 건설업
595,024060,흥구석유,기타 전문 도매업
596,024070,WISCOM,플라스틱제품 제조업
597,024090,디씨엠,1차 철강 제조업
598,024110,기업은행,은행 및 저축기관
599,024120,KB오토시스,자동차 신품 부품 제조업
600,024720,한국콜마홀딩스,기타 금융업
601,024740,한일단조,자동차 신품 부품 제조업
602,024800,유성티엔에스,육상 여객 운송업
603,024810,이화전기,"전동기, 발전기 및 전기 변환 · 공급 · 제어 장치 제조업"
604,024830,세원물산,자동차 신품 부품 제조업
605,024840,KBI메탈,1차 비철금속 제조업
606,024850,피에스엠씨,전자부품 제조업
607,024880,케이피에프,기타 금속 가공제품 제조업
608,024890,대원화성,플라스틱제품 제조업
609,024900,덕양산업,자동차 신품 부품 제조업
610,024910,경창산업,자동차 신품 부품 제조업
611,024940,PN풍년,기타 금속 가공제품 제조업
612,024950,삼천리자전거,생활용품 도매업
613,025000,KPX케미칼,기초 화학물질 제조업
614,025320,시노펙스,전자부품 제조업
615,025440,대성엘텍,영상 및 음향기기 제조업
616,025530,SJM홀딩스,자동차 부품 및 내장품 판매업
617,025540,한국단자,"전동기, 발전기 및 전기 변환 · 공급 · 제어 장치 제조업"
618,025550,한국선재,1차 철강 제조업
619,025560,미래산업,"측정, 시험, 항해, 제어 및 기타 정밀기기 제조업; 광학기기 제외"
620,025620,제이준코스메틱,기타 화학제품 제조업
621,025750,한솔홈데코,제재 및 목재 가공업
622,025770,한국정보통신,전기 통신업
623,025820,이구산업,1차 비철금속 제조업
624,025860,남해화학,"비료, 농약 및 살균, 살충제 제조업"
625,025870,신라에스지,음·식료품 및 담배 도매업
626,025880,케이씨피드,동물용 사료 및 조제식품 제조업
627,025890,한국주강,특수 목적용 기계 제조업
628,025900,동화기업,나무제품 제조업
629,025950,동신건설,토목 건설업
630,025980,아난티,일반 및 생활 숙박시설 운영업
631,026040,제이에스티나,귀금속 및 장신용품 제조업
632,026150,특수건설,토목 건설업
633,026890,디피씨,"전동기, 발전기 및 전기 변환 · 공급 · 제어 장치 제조업"
634,026910,광진실업,1차 철강 제조업
635,026940,부국철강,1차 철강 제조업
636,026960,동서,음·식료품 및 담배 도매업
637,027040,서울전자통신,기계장비 및 관련 물품 도매업
638,027050,코리아나,기타 화학제품 제조업
639,027360,아주IB투자,기타 금융업
640,027410,BGF,기타 금융업
641,027580,상보,플라스틱제품 제조업
642,027710,팜스토리,동물용 사료 및 조제식품 제조업
643,027740,마니커,"도축, 육류 가공 및 저장 처리업"
644,027830,대성창투,신탁업 및 집합투자업
645,027970,세하,"펄프, 종이 및 판지 제조업"
646,028040,미래SCI,상품 중개업
647,028050,삼성엔지니어링,"건축기술, 엔지니어링 및 관련 기술 서비스업"
648,028080,휴맥스홀딩스,기타 금융업
649,028100,동아지질,기반조성 및 시설물 축조관련 전문공사업
650,028150,GS홈쇼핑,텔레비전 방송업
651,028260,삼성물산,기타 전문 도매업
652,028300,에이치엘비,선박 및 보트 건조업
653,028670,팬오션,해상 운송업
654,029460,케이씨,"측정, 시험, 항해, 제어 및 기타 정밀기기 제조업; 광학기기 제외"
655,029480,릭스솔루션,통신 및 방송 장비 제조업
656,029530,신도리코,컴퓨터 및 주변장치 제조업
657,029780,삼성카드,기타 금융업
658,029960,코엔텍,폐기물 처리업
659,030000,제일기획,광고업
660,030190,NICE평가정보,기타 정보 서비스업
661,030200,KT,전기 통신업
662,030210,KTB투자증권,금융 지원 서비스업
663,030350,드래곤플라이,소프트웨어 개발 및 공급업
664,030520,한글과컴퓨터,소프트웨어 개발 및 공급업
665,030530,원익홀딩스,기타 금융업
666,030610,교보증권,금융 지원 서비스업
667,030720,동원수산,어로 어업
668,030790,비케이탑스,"컴퓨터 프로그래밍, 시스템 통합 및 관리업"
669,030960,양지사,인쇄 및 인쇄관련 산업
670,031310,아이즈비전,전기 통신업
671,031330,에스에이엠티,기계장비 및 관련 물품 도매업
672,031390,녹십자셀,기초 의약물질 및 생물학적 제제 제조업
673,031430,신세계인터내셔날,"섬유, 의복, 신발 및 가죽제품 소매업"
674,031440,신세계푸드,음식점업
675,031510,오스템,자동차 신품 부품 제조업
676,031820,콤텍시스템,"컴퓨터 프로그래밍, 시스템 통합 및 관리업"
677,031860,엔에스엔,상품 종합 도매업
678,031980,피에스케이홀딩스,특수 목적용 기계 제조업
679,032080,아즈텍WB,"섬유제품 염색, 정리 및 마무리 가공업"
680,032190,다우데이타,기계장비 및 관련 물품 도매업
681,032280,삼일,도로 화물 운송업
682,032300,한국파마,의약품 제조업
683,032350,롯데관광개발,여행사 및 기타 여행보조 서비스업
684,032500,케이엠더블유,통신 및 방송 장비 제조업
685,032540,TJ미디어,영상 및 음향기기 제조업
686,032560,황금에스티,1차 비철금속 제조업
687,032580,피델릭스,반도체 제조업
688,032620,유비케어,소프트웨어 개발 및 공급업
689,032640,LG유플러스,전기 통신업
690,032680,소프트센,기계장비 및 관련 물품 도매업
691,032750,삼진,통신 및 방송 장비 제조업
692,032790,엠젠플러스,기계장비 및 관련 물품 도매업
693,032800,판타지오,창작 및 예술관련 서비스업
694,032820,우리기술,"전동기, 발전기 및 전기 변환 · 공급 · 제어 장치 제조업"
695,032830,삼성생명,보험업
696,032850,비트컴퓨터,소프트웨어 개발 및 공급업
697,032860,글로스퍼랩스,"해체, 선별 및 원료 재생업"
698,032940,원익,기계장비 및 관련 물품 도매업
699,032960,동일기연,전자부품 제조업
700,032980,바이온,음·식료품 및 담배 도매업
701,033050,제이엠아이,기록매체 복제업
702,033100,제룡전기,"전동기, 발전기 및 전기 변환 · 공급 · 제어 장치 제조업"
703,033110,코너스톤네트웍스,종합 소매업
704,033130,디지틀조선,"자료처리, 호스팅, 포털 및 기타 인터넷 정보매개 서비스업"
705,033160,엠케이전자,전자부품 제조업
706,033170,시그네틱스,반도체 제조업
707,033180,필룩스,전자부품 제조업
708,033200,모아텍,전자부품 제조업
709,033230,인성정보,"컴퓨터 프로그래밍, 시스템 통합 및 관리업"
710,033240,자화전자,전자부품 제조업
711,033250,체시스,자동차 신품 부품 제조업
712,033270,유나이티드제약,의약품 제조업
713,033290,코웰패션,"섬유, 의복, 신발 및 가죽제품 소매업"
714,033310,엠투엔,기타 금속 가공제품 제조업
715,033320,제이씨현시스템,기계장비 및 관련 물품 도매업
716,033340,좋은사람들,봉제의복 제조업
717,033430,디에스티,특수 목적용 기계 제조업
718,033500,동성화인텍,기초 화학물질 제조업
719,033530,세종공업,자동차 신품 부품 제조업
720,033540,파라텍,특수 목적용 기계 제조업
721,033560,블루콤,영상 및 음향기기 제조업
722,033600,럭슬,자동차 신품 부품 제조업
723,033640,네패스,반도체 제조업
724,033660,아주캐피탈,기타 금융업
725,033780,KT&G,담배 제조업
726,033790,스카이문스테크놀로지,통신 및 방송 장비 제조업
727,033830,티비씨,텔레비전 방송업
728,033920,무학,알코올음료 제조업
729,034020,두산중공업,일반 목적용 기계 제조업
730,034120,SBS,텔레비전 방송업
731,034220,LG디스플레이,전자부품 제조업
732,034230,파라다이스,유원지 및 기타 오락관련 서비스업
733,034300,신세계건설,건물 건설업
734,034310,NICE,회사 본부 및 경영 컨설팅 서비스업
735,034590,인천도시가스,연료용 가스 제조 및 배관공급업
736,034730,SK,기타 금융업
737,034810,해성산업,부동산 임대 및 공급업
738,034830,한국토지신탁,신탁업 및 집합투자업
739,034940,조아제약,의약품 제조업
740,034950,한국기업평가,기타 사업지원 서비스업
741,035000,지투알,회사 본부 및 경영 컨설팅 서비스업
742,035080,인터파크,무점포 소매업
743,035150,백산,플라스틱제품 제조업
744,035200,프럼파스트,플라스틱제품 제조업
745,035250,강원랜드,유원지 및 기타 오락관련 서비스업
746,035290,더블유에프엠,"서적, 잡지 및 기타 인쇄물 출판업"
747,035420,NAVER,"자료처리, 호스팅, 포털 및 기타 인터넷 정보매개 서비스업"
748,035460,기산텔레콤,통신 및 방송 장비 제조업
749,035510,신세계 I&C,"컴퓨터 프로그래밍, 시스템 통합 및 관리업"
750,035600,KG이니시스,소프트웨어 개발 및 공급업
751,035610,솔본,회사 본부 및 경영 컨설팅 서비스업
752,035620,바른손이앤에이,"영화, 비디오물, 방송프로그램 제작 및 배급업"
753,035720,카카오,"자료처리, 호스팅, 포털 및 기타 인터넷 정보매개 서비스업"
754,035760,CJ ENM,텔레비전 방송업
755,035810,이지홀딩스,동물용 사료 및 조제식품 제조업
756,035890,서희건설,건물 건설업
757,035900,JYP Ent.,오디오물 출판 및 원판 녹음업
758,036000,예림당,"서적, 잡지 및 기타 인쇄물 출판업"
759,036010,아비코전자,전자부품 제조업
760,036030,KTH,상품 중개업
761,036090,위지트,특수 목적용 기계 제조업
762,036120,SCI평가정보,기타 정보 서비스업
763,036170,라이브파이낸셜,반도체 제조업
764,036180,에이프런티어,기계장비 및 관련 물품 도매업
765,036190,금화피에스시,전기 및 통신 공사업
766,036200,유니셈,특수 목적용 기계 제조업
767,036260,이매진아시아,"영화, 비디오물, 방송프로그램 제작 및 배급업"
768,036420,제이콘텐트리,"영화, 비디오물, 방송프로그램 제작 및 배급업"
769,036460,한국가스공사,연료용 가스 제조 및 배관공급업
770,036480,대성미생물,의약품 제조업
771,036490,SK머티리얼즈,기초 화학물질 제조업
772,036530,S&T홀딩스,기타 금융업
773,036540,SFA반도체,반도체 제조업
774,036560,영풍정밀,일반 목적용 기계 제조업
775,036570,엔씨소프트,소프트웨어 개발 및 공급업
776,036580,팜스코,"곡물가공품, 전분 및 전분제품 제조업"
777,036620,버추얼텍,기타 전문 도매업
778,036630,세종텔레콤,전기 통신업
779,036640,HRS,합성고무 및 플라스틱 물질 제조업
780,036670,KCI,기타 화학제품 제조업
781,036690,코맥스,통신 및 방송 장비 제조업
782,036710,심텍홀딩스,통신 및 방송 장비 제조업
783,036800,나이스정보통신,전기 통신업
784,036810,에프에스티,전자부품 제조업
785,036830,솔브레인홀딩스,기타 화학제품 제조업
786,036890,진성티이씨,특수 목적용 기계 제조업
787,036930,주성엔지니어링,특수 목적용 기계 제조업
788,037030,파워넷,"전동기, 발전기 및 전기 변환 · 공급 · 제어 장치 제조업"
789,037070,파세코,가정용 기기 제조업
790,037230,한국팩키지,"골판지, 종이 상자 및 종이용기 제조업"
791,037270,YG PLUS,"자료처리, 호스팅, 포털 및 기타 인터넷 정보매개 서비스업"
792,037330,인지디스플레,전자부품 제조업
793,037350,성도이엔지,"건축기술, 엔지니어링 및 관련 기술 서비스업"
794,037370,EG,기타 전문 도매업
795,037400,우리조명,전구 및 조명장치 제조업
796,037440,희림,"건축기술, 엔지니어링 및 관련 기술 서비스업"
797,037460,삼지전자,통신 및 방송 장비 제조업
798,037560,LG헬로비전,텔레비전 방송업
799,037710,광주신세계,종합 소매업
800,037760,쎄니트,1차 철강 제조업
801,037950,엘컴텍,전자부품 제조업
802,038010,제일테크노스,"구조용 금속제품, 탱크 및 증기발생기 제조업"
803,038060,루멘스,반도체 제조업
804,038070,서린바이오,기타 전문 도매업
805,038110,에코플라스틱,자동차 신품 부품 제조업
806,038160,팍스넷,기타 정보 서비스업
807,038290,마크로젠,"그외 기타 전문, 과학 및 기술 서비스업"
808,038340,UCI,일반 교습 학원
809,038390,레드캡투어,여행사 및 기타 여행보조 서비스업
810,038460,바이오스마트,전자부품 제조업
811,038500,삼표시멘트,기타 비금속 광물제품 제조업
812,038530,골드퍼시픽,생활용품 도매업
813,038540,상상인,"컴퓨터 프로그래밍, 시스템 통합 및 관리업"
814,038620,위즈코프,연료 소매업
815,038680,에스넷,"컴퓨터 프로그래밍, 시스템 통합 및 관리업"
816,038870,에코바이오,사업시설 유지·관리 서비스업
817,038880,아이에이,전자부품 제조업
818,038950,파인디지털,통신 및 방송 장비 제조업
819,039010,현대통신,통신 및 방송 장비 제조업
820,039020,이건홀딩스,제재 및 목재 가공업
821,039030,이오테크닉스,특수 목적용 기계 제조업
822,039130,하나투어,여행사 및 기타 여행보조 서비스업
823,039200,오스코텍,의약품 제조업
824,039230,에이아이비트,"측정, 시험, 항해, 제어 및 기타 정밀기기 제조업; 광학기기 제외"
825,039240,경남스틸,1차 철강 제조업
826,039290,인포뱅크,기타 정보 서비스업
827,039310,세중,여행사 및 기타 여행보조 서비스업
828,039340,한국경제TV,텔레비전 방송업
829,039420,케이엘넷,전기 통신업
830,039440,에스티아이,특수 목적용 기계 제조업
831,039490,키움증권,금융 지원 서비스업
832,039560,다산네트웍스,통신 및 방송 장비 제조업
833,039570,HDC아이콘트롤스,전기 및 통신 공사업
834,039610,화성밸브,일반 목적용 기계 제조업
835,039670,한류타임즈,"서적, 잡지 및 기타 인쇄물 출판업"
836,039740,한국정보공학,기타 전문 도매업
837,039830,오로라,전문디자인업
838,039840,디오,의료용 기기 제조업
839,039860,나노엔텍,의료용 기기 제조업
840,039980,리노스,"섬유, 의복, 신발 및 가죽제품 소매업"
841,040160,누리텔레콤,소프트웨어 개발 및 공급업
842,040300,YTN,"영화, 비디오물, 방송프로그램 제작 및 배급업"
843,040350,큐로컴,"컴퓨터 프로그래밍, 시스템 통합 및 관리업"
844,040420,정상제이엘에스,일반 교습 학원
845,040610,SG&G,자동차 신품 부품 제조업
846,040910,아이씨디,특수 목적용 기계 제조업
847,041020,인프라웨어,소프트웨어 개발 및 공급업
848,041140,넥슨지티,소프트웨어 개발 및 공급업
849,041190,우리기술투자,기타 금융업
850,041440,에버다임,특수 목적용 기계 제조업
851,041460,한국전자인증,소프트웨어 개발 및 공급업
852,041510,에스엠,오디오물 출판 및 원판 녹음업
853,041520,이라이콤,상품 중개업
854,041590,젬백스지오,실내건축 및 건축마무리 공사업
855,041650,상신브레이크,자동차 신품 부품 제조업
856,041830,인바디,의료용 기기 제조업
857,041910,에스텍파마,의약품 제조업
858,041920,메디아나,의료용 기기 제조업
859,041930,동아화성,고무제품 제조업
860,041960,코미팜,의약품 제조업
861,042000,카페24,"자료처리, 호스팅, 포털 및 기타 인터넷 정보매개 서비스업"
862,042040,케이피엠테크,기타 화학제품 제조업
863,042110,에스씨디,가정용 기기 제조업
864,042370,비츠로테크,기타 금융업
865,042420,네오위즈홀딩스,소프트웨어 개발 및 공급업
866,042500,링네트,"컴퓨터 프로그래밍, 시스템 통합 및 관리업"
867,042510,라온시큐어,소프트웨어 개발 및 공급업
868,042520,한스바이오메드,의료용품 및 기타 의약 관련제품 제조업
869,042600,새로닉스,전자부품 제조업
870,042660,대우조선해양,선박 및 보트 건조업
871,042670,두산인프라코어,특수 목적용 기계 제조업
872,042700,한미반도체,특수 목적용 기계 제조업
873,042940,상지카일룸,건물 건설업
874,043090,큐브앤컴퍼니,기타 전문 도매업
875,043100,솔고바이오,의료용 기기 제조업
876,043150,바텍,의료용 기기 제조업
877,043200,파루,"전동기, 발전기 및 전기 변환 · 공급 · 제어 장치 제조업"
878,043220,에이치엘비파워,특수 목적용 기계 제조업
879,043260,성호전자,전자부품 제조업
880,043290,케이맥,특수 목적용 기계 제조업
881,043340,에쎈테크,일반 목적용 기계 제조업
882,043360,디지아이,컴퓨터 및 주변장치 제조업
883,043370,평화정공,자동차 신품 부품 제조업
884,043590,크로바하이텍,반도체 제조업
885,043610,지니뮤직,"자료처리, 호스팅, 포털 및 기타 인터넷 정보매개 서비스업"
886,043650,국순당,알코올음료 제조업
887,043710,서울리거,기타 전문 도매업
888,043910,자연과환경,환경 정화 및 복원업
889,044060,조광ILI,일반 목적용 기계 제조업
890,044180,KD,건물 건설업
891,044340,위닉스,가정용 기기 제조업
892,044380,주연테크,컴퓨터 및 주변장치 제조업
893,044450,KSS해운,해상 운송업
894,044480,경남바이오파마,고무제품 제조업
895,044490,태웅,기타 금속 가공제품 제조업
896,044780,에이치케이,특수 목적용 기계 제조업
897,044820,코스맥스비티아이,기타 금융업
898,044960,이글벳,기타 전문 도매업
899,045060,오공,기타 화학제품 제조업
900,045100,한양이엔지,"건축기술, 엔지니어링 및 관련 기술 서비스업"
901,045300,성우테크론,전자부품 제조업
902,045340,토탈소프트,소프트웨어 개발 및 공급업
903,045390,대아티아이,기타 전기장비 제조업
904,045510,정원엔시스,"컴퓨터 프로그래밍, 시스템 통합 및 관리업"
905,045520,크린앤사이언스,일반 목적용 기계 제조업
906,045660,에이텍,컴퓨터 및 주변장치 제조업
907,045890,GV,전구 및 조명장치 제조업
908,045970,코아시아,반도체 제조업
909,046070,코다코,자동차 신품 부품 제조업
910,046110,한일네트웍스,"자료처리, 호스팅, 포털 및 기타 인터넷 정보매개 서비스업"
911,046120,오르비텍,기타 과학기술 서비스업
912,046140,SBS콘텐츠허브,"영화, 비디오물, 방송프로그램 제작 및 배급업"
913,046210,파나진,의료용품 및 기타 의약 관련제품 제조업
914,046310,백금T&A,통신 및 방송 장비 제조업
915,046390,삼화네트웍스,"영화, 비디오물, 방송프로그램 제작 및 배급업"
916,046440,KG모빌리언스,소프트웨어 개발 및 공급업
917,046890,서울반도체,반도체 제조업
918,046940,우원개발,기반조성 및 시설물 축조관련 전문공사업
919,046970,우리로,기타 전문 도매업
920,047040,대우건설,건물 건설업
921,047050,포스코인터내셔널,상품 중개업
922,047080,한빛소프트,소프트웨어 개발 및 공급업
923,047310,파워로직스,"전동기, 발전기 및 전기 변환 · 공급 · 제어 장치 제조업"
924,047400,유니온머티리얼,"내화, 비내화 요업제품 제조업"
925,047560,이스트소프트,소프트웨어 개발 및 공급업
926,047770,코데즈컴바인,봉제의복 제조업
927,047810,한국항공우주,"항공기,우주선 및 부품 제조업"
928,047820,초록뱀,"영화, 비디오물, 방송프로그램 제작 및 배급업"
929,047920,메디포럼제약,자연과학 및 공학 연구개발업
930,048260,오스템임플란트,의료용 기기 제조업
931,048410,현대바이오,기타 화학제품 제조업
932,048430,유라테크,"전동기, 발전기 및 전기 변환 · 공급 · 제어 장치 제조업"
933,048470,대동스틸,1차 철강 제조업
934,048530,인트론바이오,기초 의약물질 및 생물학적 제제 제조업
935,048550,SM C&C,광고업
936,048770,TPC,일반 목적용 기계 제조업
937,048830,엔피케이,합성고무 및 플라스틱 물질 제조업
938,048870,시너지이노베이션,의료용 기기 제조업
939,048910,대원미디어,기타 전문 도매업
940,049070,인탑스,통신 및 방송 장비 제조업
941,049080,기가레인,특수 목적용 기계 제조업
942,049120,파인디앤씨,전자부품 제조업
943,049180,셀루메드,기초 의약물질 및 생물학적 제제 제조업
944,049430,코메론,"측정, 시험, 항해, 제어 및 기타 정밀기기 제조업; 광학기기 제외"
945,049470,SGA,소프트웨어 개발 및 공급업
946,049480,오픈베이스,"컴퓨터 프로그래밍, 시스템 통합 및 관리업"
947,049520,유아이엘,전자부품 제조업
948,049550,잉크테크,기타 화학제품 제조업
949,049630,재영솔루텍,사진장비 및 광학기기 제조업
950,049720,고려신용정보,기타 사업지원 서비스업
951,049770,동원F&B,기타 식품 제조업
952,049800,우진플라임,특수 목적용 기계 제조업
953,049830,승일,기타 금속 가공제품 제조업
954,049950,미래컴퍼니,특수 목적용 기계 제조업
955,049960,쎌바이오텍,기초 의약물질 및 생물학적 제제 제조업
956,050090,휘닉스소재,전자부품 제조업
957,050110,캠시스,전자부품 제조업
958,050120,라이브플렉스,생활용품 도매업
959,050320,아래스,기계장비 및 관련 물품 도매업
960,050540,한국코퍼레이션,기타 사업지원 서비스업
961,050760,에스폴리텍,플라스틱제품 제조업
962,050860,아세아텍,특수 목적용 기계 제조업
963,050890,쏠리드,통신 및 방송 장비 제조업
964,050960,수산아이앤티,소프트웨어 개발 및 공급업
965,051160,지어소프트,소프트웨어 개발 및 공급업
966,051360,토비스,영상 및 음향기기 제조업
967,051370,인터플렉스,전자부품 제조업
968,051380,피씨디렉트,기계장비 및 관련 물품 도매업
969,051390,YW,상품 종합 도매업
970,051490,나라엠앤디,특수 목적용 기계 제조업
971,051500,CJ프레시웨이,음·식료품 및 담배 도매업
972,051600,한전KPS,전기 및 통신 공사업
973,051630,진양화학,플라스틱제품 제조업
974,051780,큐로홀딩스,"영화, 비디오물, 방송프로그램 제작 및 배급업"
975,051900,LG생활건강,기타 화학제품 제조업
976,051910,LG화학,기초 화학물질 제조업
977,051980,센트럴바이오,플라스틱제품 제조업
978,052020,에스티큐브,기계장비 및 관련 물품 도매업
979,052190,이에스에이,창작 및 예술관련 서비스업
980,052220,iMBC,"자료처리, 호스팅, 포털 및 기타 인터넷 정보매개 서비스업"
981,052260,현대바이오랜드,기타 화학제품 제조업
982,052300,W홀딩컴퍼니,기타 운송관련 서비스업
983,052330,코텍,영상 및 음향기기 제조업
984,052400,코나아이,소프트웨어 개발 및 공급업
985,052420,오성첨단소재,플라스틱제품 제조업
986,052460,아이크래프트,"컴퓨터 프로그래밍, 시스템 통합 및 관리업"
987,052600,한네트,전기 통신업
988,052670,제일바이오,의약품 제조업
989,052690,한전기술,"건축기술, 엔지니어링 및 관련 기술 서비스업"
990,052710,아모텍,전자부품 제조업
991,052770,아이톡시,소프트웨어 개발 및 공급업
992,052790,액토즈소프트,소프트웨어 개발 및 공급업
993,052860,아이앤씨,반도체 제조업
994,052900,KMH하이텍,플라스틱제품 제조업
995,053030,바이넥스,의약품 제조업
996,053050,지에스이,연료용 가스 제조 및 배관공급업
997,053060,세동,자동차 신품 부품 제조업
998,053080,원방테크,일반 목적용 기계 제조업
999,053110,소리바다,"자료처리, 호스팅, 포털 및 기타 인터넷 정보매개 서비스업"
1000,053160,프리엠스,"전동기, 발전기 및 전기 변환 · 공급 · 제어 장치 제조업"
1001,053210,스카이라이프,텔레비전 방송업
1002,053260,금강철강,1차 철강 제조업
1003,053270,구영테크,자동차 신품 부품 제조업
1004,053280,예스24,무점포 소매업
1005,053290,NE능률,"서적, 잡지 및 기타 인쇄물 출판업"
1006,053300,한국정보인증,소프트웨어 개발 및 공급업
1007,053350,이니텍,소프트웨어 개발 및 공급업
1008,053450,세코닉스,사진장비 및 광학기기 제조업
1009,053580,웹케시,소프트웨어 개발 및 공급업
1010,053590,한국테크놀로지,자동차 신품 부품 제조업
1011,053610,프로텍,특수 목적용 기계 제조업
1012,053620,태양,기타 금속 가공제품 제조업
1013,053660,현진소재,기타 금속 가공제품 제조업
1014,053690,한미글로벌,"건축기술, 엔지니어링 및 관련 기술 서비스업"
1015,053700,삼보모터스,자동차 신품 부품 제조업
1016,053800,안랩,소프트웨어 개발 및 공급업
1017,053950,경남제약,의약품 제조업
1018,053980,오상자이엘,"컴퓨터 프로그래밍, 시스템 통합 및 관리업"
1019,054040,한국컴퓨터,전자부품 제조업
1020,054050,농우바이오,작물 재배업
1021,054090,삼진엘앤디,그외 기타 제품 제조업
1022,054180,메디콕스,선박 및 보트 건조업
1023,054210,이랜텍,전자부품 제조업
1024,054220,비츠로시스,"전동기, 발전기 및 전기 변환 · 공급 · 제어 장치 제조업"
1025,054300,팬스타엔터프라이즈,일반 목적용 기계 제조업
1026,054410,케이피티유,기타 금속 가공제품 제조업
1027,054450,텔레칩스,반도체 제조업
1028,054540,삼영엠텍,"구조용 금속제품, 탱크 및 증기발생기 제조업"
1029,054620,APS홀딩스,기타 금융업
1030,054630,에이디칩스,그외 기타 제품 제조업
1031,054670,대한뉴팜,의약품 제조업
1032,054780,키이스트,"영화, 비디오물, 방송프로그램 제작 및 배급업"
1033,054800,아이디스홀딩스,기타 전문 서비스업
1034,054920,한컴위드,소프트웨어 개발 및 공급업
1035,054930,유신,"건축기술, 엔지니어링 및 관련 기술 서비스업"
1036,054940,엑사이엔씨,실내건축 및 건축마무리 공사업
1037,054950,제이브이엠,일반 목적용 기계 제조업
1038,055490,테이팩스,플라스틱제품 제조업
1039,055550,신한지주,기타 금융업
1040,056000,네스엠,소프트웨어 개발 및 공급업
1041,056080,유진로봇,특수 목적용 기계 제조업
1042,056090,유앤아이,의료용 기기 제조업
1043,056190,에스에프에이,특수 목적용 기계 제조업
1044,056360,코위버,통신 및 방송 장비 제조업
1045,056700,신화인터텍,플라스틱제품 제조업
1046,056730,포스링크,기타 전문 도매업
1047,057030,YBM넷,교육지원 서비스업
1048,057050,현대홈쇼핑,무점포 소매업
1049,057500,SKC 솔믹스,전자부품 제조업
1050,057540,옴니시스템,"측정, 시험, 항해, 제어 및 기타 정밀기기 제조업; 광학기기 제외"
1051,057680,티사이언티픽,소프트웨어 개발 및 공급업
1052,057880,필로시스헬스케어,"섬유, 의복, 신발 및 가죽제품 소매업"
1053,058110,멕아이씨에스,의료용 기기 제조업
1054,058220,아리온,통신 및 방송 장비 제조업
1055,058400,KNN,텔레비전 방송업
1056,058420,제이웨이,"영화, 비디오물, 방송프로그램 제작 및 배급업"
1057,058430,포스코강판,1차 철강 제조업
1058,058450,일야,통신 및 방송 장비 제조업
1059,058470,리노공업,전자부품 제조업
1060,058530,슈펙스비앤피,생활용품 도매업
1061,058610,에스피지,"전동기, 발전기 및 전기 변환 · 공급 · 제어 장치 제조업"
1062,058630,엠게임,소프트웨어 개발 및 공급업
1063,058650,세아홀딩스,1차 철강 제조업
1064,058730,다스코,"구조용 금속제품, 탱크 및 증기발생기 제조업"
1065,058820,CMG제약,의약품 제조업
1066,058850,KTcs,기타 정보 서비스업
1067,058860,KTis,기타 정보 서비스업
1068,059090,미코,반도체 제조업
1069,059100,아이컴포넌트,전자부품 제조업
1070,059120,아진엑스텍,반도체 제조업
1071,059210,메타바이오메드,의료용품 및 기타 의약 관련제품 제조업
1072,060150,인선이엔티,폐기물 처리업
1073,060230,이그잭스,전자부품 제조업
1074,060240,룽투코리아,소프트웨어 개발 및 공급업
1075,060250,NHN한국사이버결제,기타 정보 서비스업
1076,060260,뉴보텍,플라스틱제품 제조업
1077,060280,큐렉소,기타 상품 전문 소매업
1078,060300,레드로버,"영화, 비디오물, 방송프로그램 제작 및 배급업"
1079,060310,3S,특수 목적용 기계 제조업
1080,060370,KT서브마린,전기 및 통신 공사업
1081,060380,동양에스텍,1차 철강 제조업
1082,060480,국일신동,1차 비철금속 제조업
1083,060540,에스에이티,"측정, 시험, 항해, 제어 및 기타 정밀기기 제조업; 광학기기 제외"
1084,060560,홈센타홀딩스,기타 전문 도매업
1085,060570,드림어스컴퍼니,기타 전문 도매업
1086,060590,씨티씨바이오,의약품 제조업
1087,060720,KH바텍,전자부품 제조업
1088,060850,영림원소프트랩,소프트웨어 개발 및 공급업
1089,060900,대한그린파워,기타 화학제품 제조업
1090,060980,한라홀딩스,기타 금융업
1091,061040,알에프텍,통신 및 방송 장비 제조업
1092,061250,화일약품,의약품 제조업
1093,061970,엘비세미콘,반도체 제조업
1094,062860,티엘아이,반도체 제조업
1095,062970,피피아이,통신 및 방송 장비 제조업
1096,063080,게임빌,소프트웨어 개발 및 공급업
1097,063160,종근당바이오,의약품 제조업
1098,063170,서울옥션,상품 중개업
1099,063440,SM Life Design,기록매체 복제업
1100,063570,한국전자금융,금융 지원 서비스업
1101,063760,이엘피,"측정, 시험, 항해, 제어 및 기타 정밀기기 제조업; 광학기기 제외"
1102,064090,에프앤리퍼블릭,상품 종합 도매업
1103,064240,홈캐스트,영상 및 음향기기 제조업
1104,064260,다날,소프트웨어 개발 및 공급업
1105,064290,인텍플러스,특수 목적용 기계 제조업
1106,064350,현대로템,철도장비 제조업
1107,064480,브리지텍,소프트웨어 개발 및 공급업
1108,064510,에코마이스터,특수 목적용 기계 제조업
1109,064520,바른전자,반도체 제조업
1110,064550,바이오니아,의료용품 및 기타 의약 관련제품 제조업
1111,064760,티씨케이,기타 비금속 광물제품 제조업
1112,064800,젬백스링크,"섬유, 의복, 신발 및 가죽제품 소매업"
1113,064820,케이프,선박 및 보트 건조업
1114,064960,S&T모티브,자동차 신품 부품 제조업
1115,065060,지엔코,봉제의복 제조업
1116,065130,탑엔지니어링,특수 목적용 기계 제조업
1117,065150,MP그룹,음·식료품 및 담배 도매업
1118,065170,넥스트BT,음·식료품 및 담배 도매업
1119,065350,신성델타테크,가정용 기기 제조업
1120,065370,위세아이텍,소프트웨어 개발 및 공급업
1121,065420,에스아이리소스,석탄 광업
1122,065440,이루온,소프트웨어 개발 및 공급업
1123,065450,빅텍,"측정, 시험, 항해, 제어 및 기타 정밀기기 제조업; 광학기기 제외"
1124,065500,오리엔트정공,자동차 신품 부품 제조업
1125,065510,휴비츠,의료용 기기 제조업
1126,065530,전파기지국,전기 통신업
1127,065560,녹원씨엔아이,인쇄 및 인쇄관련 산업
1128,065570,삼영이엔씨,통신 및 방송 장비 제조업
1129,065620,제낙스,1차 철강 제조업
1130,065650,메디프론,기계장비 및 관련 물품 도매업
1131,065660,안트로젠,기타 전문 도매업
1132,065680,우주일렉트로,전자부품 제조업
1133,065690,파커스,반도체 제조업
1134,065710,서호전기,"전동기, 발전기 및 전기 변환 · 공급 · 제어 장치 제조업"
1135,065770,CS,통신 및 방송 장비 제조업
1136,065950,웰크론,직물직조 및 직물제품 제조업
1137,066110,한프,컴퓨터 및 주변장치 제조업
1138,066130,하츠,가정용 기기 제조업
1139,066310,큐에스아이,반도체 제조업
1140,066360,체리부로,"도축, 육류 가공 및 저장 처리업"
1141,066410,버킷스튜디오,"영화, 비디오물, 방송프로그램 제작 및 배급업"
1142,066430,와이오엠,기타 전문 도매업
1143,066570,LG전자,통신 및 방송 장비 제조업
1144,066590,우수AMS,자동차 신품 부품 제조업
1145,066620,국보디자인,실내건축 및 건축마무리 공사업
1146,066670,디스플레이텍,전자부품 제조업
1147,066700,테라젠이텍스,의약품 제조업
1148,066790,씨씨에스,텔레비전 방송업
1149,066900,디에이피,전자부품 제조업
1150,066910,손오공,기타 전문 도매업
1151,066970,엘앤에프,일차전지 및 축전지 제조업
1152,066980,브레인콘텐츠,기타 정보 서비스업
1153,067000,조이시티,소프트웨어 개발 및 공급업
1154,067010,이씨에스,"컴퓨터 프로그래밍, 시스템 통합 및 관리업"
1155,067080,대화제약,의약품 제조업
1156,067160,아프리카TV,소프트웨어 개발 및 공급업
1157,067170,오텍,자동차 재제조 부품 제조업
1158,067280,멀티캠퍼스,기타 교육기관
1159,067290,JW신약,의약품 제조업
1160,067310,하나마이크론,반도체 제조업
1161,067390,아스트,"항공기,우주선 및 부품 제조업"
1162,067570,엔브이에이치코리아,자동차 신품 부품 제조업
1163,067630,에이치엘비생명과학,"건축기술, 엔지니어링 및 관련 기술 서비스업"
1164,067730,로지시스,"컴퓨터 프로그래밍, 시스템 통합 및 관리업"
1165,067770,세진티에스,전자부품 제조업
1166,067830,세이브존I&C,종합 소매업
1167,067900,와이엔텍,폐기물 처리업
1168,067920,이글루시큐리티,기타 정보 서비스업
1169,067990,도이치모터스,자동차 판매업
1170,068050,팬엔터테인먼트,"영화, 비디오물, 방송프로그램 제작 및 배급업"
1171,068240,다원시스,"전동기, 발전기 및 전기 변환 · 공급 · 제어 장치 제조업"
1172,068270,셀트리온,기초 의약물질 및 생물학적 제제 제조업
1173,068290,삼성출판사,"서적, 잡지 및 기타 인쇄물 출판업"
1174,068330,일신바이오,일반 목적용 기계 제조업
1175,068400,SK렌터카,운송장비 임대업
1176,068760,셀트리온제약,의약품 제조업
1177,068790,DMS,특수 목적용 기계 제조업
1178,068930,디지털대성,일반 교습 학원
1179,068940,아이씨케이,전자부품 제조업
1180,069080,웹젠,소프트웨어 개발 및 공급업
1181,069110,코스온,기타 화학제품 제조업
1182,069140,누리플랜,"구조용 금속제품, 탱크 및 증기발생기 제조업"
1183,069260,휴켐스,기타 화학제품 제조업
1184,069330,유아이디,전자부품 제조업
1185,069410,엔텔스,소프트웨어 개발 및 공급업
1186,069460,대호에이엘,1차 비철금속 제조업
1187,069510,에스텍,영상 및 음향기기 제조업
1188,069540,라이트론,통신 및 방송 장비 제조업
1189,069620,대웅제약,의약품 제조업
1190,069640,한세엠케이,"섬유, 의복, 신발 및 가죽제품 소매업"
1191,069730,DSR제강,1차 철강 제조업
1192,069920,아이에스이커머스,무점포 소매업
1193,069960,현대백화점,종합 소매업
1194,070300,엑스큐어,소프트웨어 개발 및 공급업
1195,070590,한솔인티큐브,"컴퓨터 프로그래밍, 시스템 통합 및 관리업"
1196,070960,용평리조트,일반 및 생활 숙박시설 운영업
1197,071050,한국금융지주,기타 금융업
1198,071090,하이스틸,1차 철강 제조업
1199,071200,인피니트헬스케어,소프트웨어 개발 및 공급업
1200,071280,로체시스템즈,특수 목적용 기계 제조업
1201,071320,지역난방공사,"증기, 냉·온수 및 공기조절 공급업"
1202,071460,위니아딤채,가정용 기기 제조업
1203,071670,에이테크솔루션,특수 목적용 기계 제조업
1204,071840,롯데하이마트,가전제품 및 정보통신장비 소매업
1205,071850,캐스텍코리아,자동차 신품 부품 제조업
1206,071950,코아스,가구 제조업
1207,071970,STX중공업,일반 목적용 기계 제조업
1208,072020,중앙백신,기초 의약물질 및 생물학적 제제 제조업
1209,072130,유엔젤,"자료처리, 호스팅, 포털 및 기타 인터넷 정보매개 서비스업"
1210,072470,우리산업홀딩스,자동차 신품 부품 제조업
1211,072520,제넨바이오,폐기물 처리업
1212,072710,농심홀딩스,기타 금융업
1213,072770,율호,"컴퓨터 프로그래밍, 시스템 통합 및 관리업"
1214,072870,메가스터디,"서적, 잡지 및 기타 인쇄물 출판업"
1215,072950,빛샘전자,전자부품 제조업
1216,072990,에이치시티,기타 과학기술 서비스업
1217,073010,케이에스피,일반 목적용 기계 제조업
1218,073070,에스모,자동차 신품 부품 제조업
1219,073110,엘엠에스,전자부품 제조업
1220,073190,듀오백,가구 제조업
1221,073240,금호타이어,고무제품 제조업
1222,073490,이노와이어리스,통신 및 방송 장비 제조업
1223,073540,에프알텍,통신 및 방송 장비 제조업
1224,073560,우리손에프앤지,"도축, 육류 가공 및 저장 처리업"
1225,073570,WI,특수 목적용 기계 제조업
1226,073640,테라사이언스,기타 금속 가공제품 제조업
1227,074430,아미노로직스,기타 전문 도매업
1228,074600,원익QnC,유리 및 유리제품 제조업
1229,074610,이엔플러스,일반 목적용 기계 제조업
1230,075130,플랜티넷,"컴퓨터 프로그래밍, 시스템 통합 및 관리업"
1231,075180,새론오토모티브,자동차 신품 부품 제조업
1232,075580,세진중공업,선박 및 보트 건조업
1233,075970,동국알앤에스,기타 비금속 광물제품 제조업
1234,076080,웰크론한텍,건물 건설업
1235,076610,해성옵틱스,사진장비 및 광학기기 제조업
1236,077360,덕산하이메탈,반도체 제조업
1237,077500,유니퀘스트,기계장비 및 관련 물품 도매업
1238,077970,STX엔진,일반 목적용 기계 제조업
1239,078000,텔코웨어,"자료처리, 호스팅, 포털 및 기타 인터넷 정보매개 서비스업"
1240,078020,이베스트투자증권,금융 지원 서비스업
1241,078070,유비쿼스홀딩스,통신 및 방송 장비 제조업
1242,078130,국일제지,기타 종이 및 판지 제품 제조업
1243,078140,대봉엘에스,의약품 제조업
1244,078150,HB테크놀러지,특수 목적용 기계 제조업
1245,078160,메디포스트,기초 의약물질 및 생물학적 제제 제조업
1246,078340,컴투스,소프트웨어 개발 및 공급업
1247,078350,한양디지텍,반도체 제조업
1248,078520,에이블씨엔씨,기타 화학제품 제조업
1249,078590,OQP,자동차 신품 부품 제조업
1250,078600,대주전자재료,전자부품 제조업
1251,078650,코렌,사진장비 및 광학기기 제조업
1252,078860,아이오케이,"영화, 비디오물, 방송프로그램 제작 및 배급업"
1253,078890,가온미디어,통신 및 방송 장비 제조업
1254,078930,GS,기타 금융업
1255,078940,코드네이처,전기 및 통신 공사업
1256,079000,와토스코리아,플라스틱제품 제조업
1257,079160,CJ CGV,"영화, 비디오물, 방송프로그램 제작 및 배급업"
1258,079170,한창산업,1차 비철금속 제조업
1259,079190,EMW,통신 및 방송 장비 제조업
1260,079370,제우스,특수 목적용 기계 제조업
1261,079430,현대리바트,가구 제조업
1262,079550,LIG넥스원,무기 및 총포탄 제조업
1263,079650,서산,"시멘트, 석회, 플라스터 및 그 제품 제조업"
1264,079810,디이엔티,특수 목적용 기계 제조업
1265,079940,가비아,소프트웨어 개발 및 공급업
1266,079950,인베니아,특수 목적용 기계 제조업
1267,079960,동양이엔피,"전동기, 발전기 및 전기 변환 · 공급 · 제어 장치 제조업"
1268,079970,투비소프트,소프트웨어 개발 및 공급업
1269,079980,휴비스,화학섬유 제조업
1270,080000,에스엔유,특수 목적용 기계 제조업
1271,080010,이상네트웍스,상품 중개업
1272,080160,모두투어,여행사 및 기타 여행보조 서비스업
1273,080220,제주반도체,반도체 제조업
1274,080420,모다이노칩,"섬유, 의복, 신발 및 가죽제품 소매업"
1275,080440,에스제이케이,기타 전문 도매업
1276,080470,성창오토텍,자동차 신품 부품 제조업
1277,080520,오디텍,반도체 제조업
1278,080530,코디,기타 화학제품 제조업
1279,080580,오킨스전자,전자부품 제조업
1280,080720,한국유니온제약,의약품 제조업
1281,081000,일진다이아,기타 화학제품 제조업
1282,081150,티플랙스,기타 금속 가공제품 제조업
1283,081580,성우전자,통신 및 방송 장비 제조업
1284,081660,휠라홀딩스,생활용품 도매업
1285,082210,옵트론텍,사진장비 및 광학기기 제조업
1286,082270,젬백스,특수 목적용 기계 제조업
1287,082640,동양생명,보험업
1288,082660,코스나인,통신 및 방송 장비 제조업
1289,082740,HSD엔진,일반 목적용 기계 제조업
1290,082800,루미마이크로,반도체 제조업
1291,082850,우리바이오,전구 및 조명장치 제조업
1292,082920,비츠로셀,일차전지 및 축전지 제조업
1293,083310,엘오티베큠,특수 목적용 기계 제조업
1294,083420,그린케미칼,기타 화학제품 제조업
1295,083450,GST,특수 목적용 기계 제조업
1296,083470,이엠앤아이,플라스틱제품 제조업
1297,083500,에프엔에스테크,특수 목적용 기계 제조업
1298,083550,케이엠,기타 섬유제품 제조업
1299,083640,인콘,통신 및 방송 장비 제조업
1300,083650,비에이치아이,일반 목적용 기계 제조업
1301,083660,CSA 코스믹,기타 화학제품 제조업
1302,083790,크리스탈지노믹스,자연과학 및 공학 연구개발업
1303,083930,아바코,특수 목적용 기계 제조업
1304,084010,대한제강,1차 철강 제조업
1305,084110,휴온스글로벌,의약품 제조업
1306,084180,수성,일반 목적용 기계 제조업
1307,084370,유진테크,특수 목적용 기계 제조업
1308,084650,랩지노믹스,자연과학 및 공학 연구개발업
1309,084670,동양고속,육상 여객 운송업
1310,084680,이월드,유원지 및 기타 오락관련 서비스업
1311,084690,대상홀딩스,기타 금융업
1312,084730,팅크웨어,통신 및 방송 장비 제조업
1313,084850,아이티엠반도체,전자부품 제조업
1314,084870,TBH글로벌,봉제의복 제조업
1315,084990,헬릭스미스,자연과학 및 공학 연구개발업
1316,085310,엔케이,"구조용 금속제품, 탱크 및 증기발생기 제조업"
1317,085370,루트로닉,의료용 기기 제조업
1318,085620,미래에셋생명,보험업
1319,085660,차바이오텍,기초 의약물질 및 생물학적 제제 제조업
1320,085670,뉴프렉스,전자부품 제조업
1321,085810,알티캐스트,소프트웨어 개발 및 공급업
1322,085910,네오티스,자동차 신품 부품 제조업
1323,086040,바이오톡스텍,자연과학 및 공학 연구개발업
1324,086060,진바이오텍,동물용 사료 및 조제식품 제조업
1325,086250,이노와이즈,특수 목적용 기계 제조업
1326,086280,현대글로비스,기타 운송관련 서비스업
1327,086390,유니테스트,특수 목적용 기계 제조업
1328,086450,동국제약,의약품 제조업
1329,086520,에코프로,기타 화학제품 제조업
1330,086670,비엠티,일반 목적용 기계 제조업
1331,086790,하나금융지주,기타 금융업
1332,086820,바이오솔루션,기초 의약물질 및 생물학적 제제 제조업
1333,086890,이수앱지스,의료용품 및 기타 의약 관련제품 제조업
1334,086900,메디톡스,기초 의약물질 및 생물학적 제제 제조업
1335,086960,한컴MDS,소프트웨어 개발 및 공급업
1336,086980,쇼박스,"영화, 비디오물, 방송프로그램 제작 및 배급업"
1337,087010,펩트론,기초 의약물질 및 생물학적 제제 제조업
1338,087260,모바일어플라이언스,소프트웨어 개발 및 공급업
1339,087600,픽셀플러스,전자부품 제조업
1340,087730,에스모 머티리얼즈,합성고무 및 플라스틱 물질 제조업
1341,088130,동아엘텍,특수 목적용 기계 제조업
1342,088260,이리츠코크렙,부동산 임대 및 공급업
1343,088290,이원컴포텍,자동차 신품 부품 제조업
1344,088350,한화생명,보험업
1345,088390,이녹스,그외 기타 운송장비 제조업
1346,088790,진도,기타 전문 도매업
1347,088800,에이스테크,통신 및 방송 장비 제조업
1348,088910,동우팜투테이블,"도축, 육류 가공 및 저장 처리업"
1349,088980,맥쿼리인프라,신탁업 및 집합투자업
1350,089010,켐트로닉스,기타 화학제품 제조업
1351,089030,테크윙,특수 목적용 기계 제조업
1352,089140,넥스턴,유리 및 유리제품 제조업
1353,089150,케이씨티,"컴퓨터 프로그래밍, 시스템 통합 및 관리업"
1354,089230,THE E&M,기타 정보 서비스업
1355,089470,HDC현대EP,기타 화학제품 제조업
1356,089530,에이티세미콘,반도체 제조업
1357,089590,제주항공,항공 여객 운송업
1358,089600,나스미디어,광고업
1359,089790,제이티,특수 목적용 기계 제조업
1360,089850,유비벨록스,소프트웨어 개발 및 공급업
1361,089890,코세스,특수 목적용 기계 제조업
1362,089970,에이피티씨,특수 목적용 기계 제조업
1363,089980,상아프론테크,플라스틱제품 제조업
1364,090080,평화산업,자동차 신품 부품 제조업
1365,090150,광진윈텍,자동차 신품 부품 제조업
1366,090350,노루페인트,기타 화학제품 제조업
1367,090360,로보스타,특수 목적용 기계 제조업
1368,090370,메타랩스,봉제의복 제조업
1369,090410,덕신하우징,"구조용 금속제품, 탱크 및 증기발생기 제조업"
1370,090430,아모레퍼시픽,기타 화학제품 제조업
1371,090460,비에이치,전자부품 제조업
1372,090470,제이스텍,특수 목적용 기계 제조업
1373,090710,휴림로봇,특수 목적용 기계 제조업
1374,090740,아이엠이연이,전자부품 제조업
1375,090850,이지웰,소프트웨어 개발 및 공급업
1376,091090,세원셀론텍,"구조용 금속제품, 탱크 및 증기발생기 제조업"
1377,091120,이엠텍,전자부품 제조업
1378,091340,S&K폴리텍,전자부품 제조업
1379,091440,텔레필드,통신 및 방송 장비 제조업
1380,091580,상신이디피,일차전지 및 축전지 제조업
1381,091590,남화토건,건물 건설업
1382,091700,파트론,전자부품 제조업
1383,091810,티웨이항공,항공 여객 운송업
1384,091970,나노캠텍,플라스틱제품 제조업
1385,091990,셀트리온헬스케어,기타 전문 도매업
1386,092040,아미코젠,기타 식품 제조업
1387,092070,디엔에프,기타 화학제품 제조업
1388,092130,이크레더블,기타 정보 서비스업
1389,092190,서울바이오시스,반도체 제조업
1390,092200,디아이씨,자동차 신품 부품 제조업
1391,092220,KEC,반도체 제조업
1392,092230,KPX홀딩스,기초 화학물질 제조업
1393,092300,현우산업,전자부품 제조업
1394,092440,기신정기,특수 목적용 기계 제조업
1395,092460,한라IMS,선박 및 보트 건조업
1396,092600,앤씨앤,반도체 제조업
1397,092730,네오팜,기타 화학제품 제조업
1398,092780,동양피스톤,자동차용 엔진 및 자동차 제조업
1399,092870,엑시콘,특수 목적용 기계 제조업
1400,093050,LF,봉제의복 제조업
1401,093190,빅솔론,컴퓨터 및 주변장치 제조업
1402,093230,이아이디,기타 전문 도매업
1403,093240,형지엘리트,봉제의복 제조업
1404,093320,케이아이엔엑스,"자료처리, 호스팅, 포털 및 기타 인터넷 정보매개 서비스업"
1405,093370,후성,기초 화학물질 제조업
1406,093380,풍강,기타 금속 가공제품 제조업
1407,093520,매커스,기계장비 및 관련 물품 도매업
1408,093640,다믈멀티미디어,반도체 제조업
1409,093920,서원인텍,통신 및 방송 장비 제조업
1410,094170,동운아나텍,반도체 제조업
1411,094280,효성ITX,기타 사업지원 서비스업
1412,094360,칩스앤미디어,소프트웨어 개발 및 공급업
1413,094480,갤럭시아머니트리,소프트웨어 개발 및 공급업
1414,094800,맵스리얼티1,신탁업 및 집합투자업
1415,094820,일진파워,전기 및 통신 공사업
1416,094840,슈프리마에이치큐,통신 및 방송 장비 제조업
1417,094850,참좋은여행,여행사 및 기타 여행보조 서비스업
1418,094860,코닉글로리,소프트웨어 개발 및 공급업
1419,094940,푸른기술,컴퓨터 및 주변장치 제조업
1420,094970,제이엠티,전자부품 제조업
1421,095190,이엠코리아,특수 목적용 기계 제조업
1422,095270,웨이브일렉트로,"측정, 시험, 항해, 제어 및 기타 정밀기기 제조업; 광학기기 제외"
1423,095340,ISC,전자부품 제조업
1424,095500,미래나노텍,플라스틱제품 제조업
1425,095570,AJ네트웍스,산업용 기계 및 장비 임대업
1426,095610,테스,특수 목적용 기계 제조업
1427,095660,네오위즈,소프트웨어 개발 및 공급업
1428,095700,제넥신,자연과학 및 공학 연구개발업
1429,095720,웅진씽크빅,초등 교육기관
1430,095910,에스에너지,"전동기, 발전기 및 전기 변환 · 공급 · 제어 장치 제조업"
1431,096040,이트론,기타 전문 도매업
1432,096240,청담러닝,일반 교습 학원
1433,096300,베트남개발1,신탁업 및 집합투자업
1434,096350,대창솔루션,"구조용 금속제품, 탱크 및 증기발생기 제조업"
1435,096530,씨젠,의료용품 및 기타 의약 관련제품 제조업
1436,096610,알에프세미,반도체 제조업
1437,096630,에스코넥,통신 및 방송 장비 제조업
1438,096640,멜파스,전자부품 제조업
1439,096690,에이루트,컴퓨터 및 주변장치 제조업
1440,096760,JW홀딩스,기타 금융업
1441,096770,SK이노베이션,석유 정제품 제조업
1442,096870,엘디티,반도체 제조업
1443,097230,한진중공업,토목 건설업
1444,097520,엠씨넥스,영상 및 음향기기 제조업
1445,097780,에스맥,통신 및 방송 장비 제조업
1446,097800,윈팩,반도체 제조업
1447,097870,효성오앤비,"비료, 농약 및 살균, 살충제 제조업"
1448,097950,CJ제일제당,기타 식품 제조업
1449,098120,마이크로컨텍솔,전자부품 제조업
1450,098460,고영,특수 목적용 기계 제조업
1451,098660,에스티오,봉제의복 제조업
1452,099190,아이센스,의료용 기기 제조업
1453,099220,SDN,기계장비 및 관련 물품 도매업
1454,099320,쎄트렉아이,"항공기,우주선 및 부품 제조업"
1455,099410,동방선기,선박 및 보트 건조업
1456,099440,스맥,특수 목적용 기계 제조업
1457,099520,ITX-AI,영상 및 음향기기 제조업
1458,099750,이지케어텍,소프트웨어 개발 및 공급업
1459,100030,모바일리더,소프트웨어 개발 및 공급업
1460,100090,삼강엠앤티,1차 철강 제조업
1461,100120,뷰웍스,의료용 기기 제조업
1462,100130,동국S&C,"구조용 금속제품, 탱크 및 증기발생기 제조업"
1463,100220,비상교육,"서적, 잡지 및 기타 인쇄물 출판업"
1464,100250,진양홀딩스,플라스틱제품 제조업
1465,100590,머큐리,통신 및 방송 장비 제조업
1466,100660,서암기계공업,일반 목적용 기계 제조업
1467,100700,세운메디칼,의료용품 및 기타 의약 관련제품 제조업
1468,100790,미래에셋벤처투자,기타 금융업
1469,100840,S&TC,일반 목적용 기계 제조업
1470,101000,상상인인더스트리,특수 목적용 기계 제조업
1471,101060,SBS미디어홀딩스,텔레비전 방송업
1472,101140,비티원,생활용품 도매업
1473,101160,월덱스,전자부품 제조업
1474,101170,우림기계,일반 목적용 기계 제조업
1475,101240,씨큐브,기초 화학물질 제조업
1476,101330,모베이스,통신 및 방송 장비 제조업
1477,101360,이엔드디,기타 화학제품 제조업
1478,101390,아이엠,전자부품 제조업
1479,101400,엔시트론,반도체 제조업
1480,101490,에스앤에스텍,전자부품 제조업
1481,101530,해태제과식품,기타 식품 제조업
1482,101670,코리아에스이,"구조용 금속제품, 탱크 및 증기발생기 제조업"
1483,101680,한국정밀기계,특수 목적용 기계 제조업
1484,101730,조이맥스,소프트웨어 개발 및 공급업
1485,101930,인화정공,선박 및 보트 건조업
1486,102120,어보브반도체,반도체 제조업
1487,102210,해덕파워웨이,선박 및 보트 건조업
1488,102260,동성코퍼레이션,회사 본부 및 경영 컨설팅 서비스업
1489,102280,쌍방울,봉제의복 제조업
1490,102460,이연제약,의약품 제조업
1491,102710,이엔에프테크놀로지,기타 화학제품 제조업
1492,102940,코오롱생명과학,기초 의약물질 및 생물학적 제제 제조업
1493,103140,풍산,1차 비철금속 제조업
1494,103230,에스앤더블류,일반 목적용 기계 제조업
1495,103590,일진전기,절연선 및 케이블 제조업
1496,103840,우양,"과실, 채소 가공 및 저장 처리업"
1497,104040,대성파인텍,자동차 신품 부품 제조업
1498,104200,NHN벅스,소프트웨어 개발 및 공급업
1499,104460,디와이피엔에프,일반 목적용 기계 제조업
1500,104480,티케이케미칼,화학섬유 제조업
1501,104540,코렌텍,의료용 기기 제조업
1502,104620,노랑풍선,여행사 및 기타 여행보조 서비스업
1503,104700,한국철강,1차 철강 제조업
1504,104830,원익머트리얼즈,기초 화학물질 제조업
1505,105330,케이엔더블유,전자부품 제조업
1506,105550,트루윈,전자부품 제조업
1507,105560,KB금융,기타 금융업
1508,105630,한세실업,봉제의복 제조업
1509,105740,디케이락,일반 목적용 기계 제조업
1510,105840,우진,"측정, 시험, 항해, 제어 및 기타 정밀기기 제조업; 광학기기 제외"
1511,106080,하이소닉,전자부품 제조업
1512,106190,하이텍팜,기타 전문 도매업
1513,106240,파인테크닉스,통신 및 방송 장비 제조업
1514,106520,디지탈옵틱,사진장비 및 광학기기 제조업
1515,107590,미원홀딩스,기타 금융업
1516,108230,톱텍,특수 목적용 기계 제조업
1517,108320,실리콘웍스,반도체 제조업
1518,108380,대양전기공업,선박 및 보트 건조업
1519,108490,로보티즈,특수 목적용 기계 제조업
1520,108670,LG하우시스,플라스틱제품 제조업
1521,108860,셀바스AI,소프트웨어 개발 및 공급업
1522,109070,컨버즈,"골판지, 종이 상자 및 종이용기 제조업"
1523,109080,옵티시스,통신 및 방송 장비 제조업
1524,109610,에스와이,"구조용 금속제품, 탱크 및 증기발생기 제조업"
1525,109740,디에스케이,특수 목적용 기계 제조업
1526,109820,진매트릭스,자연과학 및 공학 연구개발업
1527,109860,동일금속,금속 주조업
1528,109960,에이프로젠 H&G,기타 전문 도매업
1529,110020,전진바이오팜,기타 화학제품 제조업
1530,110790,크리스에프앤씨,봉제의복 제조업
1531,110990,디아이티,특수 목적용 기계 제조업
1532,111110,호전실업,봉제의복 제조업
1533,111710,남화산업,스포츠 서비스업
1534,111770,영원무역,상품 종합 도매업
1535,111820,지와이커머스,기타 정보 서비스업
1536,111870,삼본전자,영상 및 음향기기 제조업
1537,112040,위메이드,소프트웨어 개발 및 공급업
1538,112610,씨에스윈드,"구조용 금속제품, 탱크 및 증기발생기 제조업"
1539,113810,디젠스,자동차 신품 부품 제조업
1540,114090,GKL,유원지 및 기타 오락관련 서비스업
1541,114120,크루셜텍,전자부품 제조업
1542,114190,강원,"구조용 금속제품, 탱크 및 증기발생기 제조업"
1543,114450,KPX생명과학,기초 의약물질 및 생물학적 제제 제조업
1544,114570,지스마트글로벌,반도체 제조업
1545,114630,우노앤컴퍼니,화학섬유 제조업
1546,114810,아이원스,특수 목적용 기계 제조업
1547,115160,휴맥스,영상 및 음향기기 제조업
1548,115180,큐리언트,자연과학 및 공학 연구개발업
1549,115310,인포바인,전기 통신업
1550,115390,락앤락,플라스틱제품 제조업
1551,115440,우리넷,통신 및 방송 장비 제조업
1552,115450,지트리비앤티,기타 전문 도매업
1553,115480,씨유메디칼,의료용 기기 제조업
1554,115500,케이씨에스,"컴퓨터 프로그래밍, 시스템 통합 및 관리업"
1555,115530,씨엔플러스,전자부품 제조업
1556,115570,스타플렉스,플라스틱제품 제조업
1557,115610,이미지스,반도체 제조업
1558,115960,연우,플라스틱제품 제조업
1559,117580,대성에너지,연료용 가스 제조 및 배관공급업
1560,117670,알파홀딩스,반도체 제조업
1561,117730,티로보틱스,특수 목적용 기계 제조업
1562,118000,우리들휴브레인,기계장비 및 관련 물품 도매업
1563,118990,모트렉스,자동차 신품 부품 제조업
1564,119500,포메탈,기타 금속 가공제품 제조업
1565,119610,인터로조,의료용 기기 제조업
1566,119650,KC코트렐,일반 목적용 기계 제조업
1567,119830,아이텍,"그외 기타 전문, 과학 및 기술 서비스업"
1568,119850,지엔씨에너지,"전동기, 발전기 및 전기 변환 · 공급 · 제어 장치 제조업"
1569,119860,다나와,소프트웨어 개발 및 공급업
1570,120030,조선선재,기타 금속 가공제품 제조업
1571,120110,코오롱인더,화학섬유 제조업
1572,120240,대정화금,기초 화학물질 제조업
1573,121440,골프존뉴딘홀딩스,상품 중개업
1574,121600,나노신소재,기타 화학제품 제조업
1575,121800,비덴트,통신 및 방송 장비 제조업
1576,121850,코이즈,플라스틱제품 제조업
1577,121890,에스디시스템,전자부품 제조업
1578,122310,제노레이,의료용 기기 제조업
1579,122350,삼기,자동차 신품 부품 제조업
1580,122450,KMH,텔레비전 방송업
1581,122640,예스티,특수 목적용 기계 제조업
1582,122690,서진오토모티브,자동차 신품 부품 제조업
1583,122870,와이지엔터테인먼트,오디오물 출판 및 원판 녹음업
1584,122900,아이마켓코리아,상품 종합 도매업
1585,122990,와이솔,전자부품 제조업
1586,123010,아이에이네트웍스,전자부품 제조업
1587,123040,엠에스오토텍,자동차 신품 부품 제조업
1588,123330,제닉,기타 화학제품 제조업
1589,123410,코리아에프티,자동차 신품 부품 제조업
1590,123420,선데이토즈,소프트웨어 개발 및 공급업
1591,123570,이엠넷,광고업
1592,123690,한국화장품,생활용품 도매업
1593,123700,SJM,자동차 신품 부품 제조업
1594,123750,알톤스포츠,그외 기타 운송장비 제조업
1595,123840,한일진공,특수 목적용 기계 제조업
1596,123860,아나패스,반도체 제조업
1597,123890,한국자산신탁,신탁업 및 집합투자업
1598,124500,아이티센,"컴퓨터 프로그래밍, 시스템 통합 및 관리업"
1599,124560,태웅로직스,기타 운송관련 서비스업
1600,125210,아모그린텍,전자부품 제조업
1601,126340,비나텍,일차전지 및 축전지 제조업
1602,126560,현대에이치씨엔,텔레비전 방송업
1603,126600,코프라,합성고무 및 플라스틱 물질 제조업
1604,126640,화신정공,자동차 신품 부품 제조업
1605,126700,하이비젼시스템,사진장비 및 광학기기 제조업
1606,126870,뉴로스,일반 목적용 기계 제조업
1607,126880,제이엔케이히터,일반 목적용 기계 제조업
1608,127120,디엔에이링크,자연과학 및 공학 연구개발업
1609,127160,매직마이크로,전자부품 제조업
1610,127710,아시아경제,"자료처리, 호스팅, 포털 및 기타 인터넷 정보매개 서비스업"
1611,128540,에코캡,자동차 신품 부품 제조업
1612,128660,피제이메탈,1차 비철금속 제조업
1613,128820,대성산업,연료 소매업
1614,128940,한미약품,의약품 제조업
1615,129260,인터지스,도로 화물 운송업
1616,130500,GH신소재,기타 섬유제품 제조업
1617,130580,나이스디앤비,기타 사업지원 서비스업
1618,130660,한전산업,"건축기술, 엔지니어링 및 관련 기술 서비스업"
1619,130740,티피씨글로벌,자동차 신품 부품 제조업
1620,131030,디에이치피코리아,의약품 제조업
1621,131090,시큐브,소프트웨어 개발 및 공급업
1622,131100,스카이이앤엠,상품 종합 도매업
1623,131180,딜리,컴퓨터 및 주변장치 제조업
1624,131220,대한과학,기계장비 및 관련 물품 도매업
1625,131290,티에스이,"측정, 시험, 항해, 제어 및 기타 정밀기기 제조업; 광학기기 제외"
1626,131370,알서포트,소프트웨어 개발 및 공급업
1627,131390,피앤이솔루션,"전동기, 발전기 및 전기 변환 · 공급 · 제어 장치 제조업"
1628,131400,액트,전자부품 제조업
1629,131760,파인텍,특수 목적용 기계 제조업
1630,131970,테스나,"그외 기타 전문, 과학 및 기술 서비스업"
1631,133750,메가엠디,일반 교습 학원
1632,133820,화인베스틸,1차 철강 제조업
1633,134060,이퓨쳐,"서적, 잡지 및 기타 인쇄물 출판업"
1634,134380,미원화학,기타 화학제품 제조업
1635,134580,디엠티,통신 및 방송 장비 제조업
1636,134790,시디즈,가구 제조업
1637,136480,하림,"도축, 육류 가공 및 저장 처리업"
1638,136490,선진,동물용 사료 및 조제식품 제조업
1639,136510,쎄미시스코,특수 목적용 기계 제조업
1640,136540,윈스,"컴퓨터 프로그래밍, 시스템 통합 및 관리업"
1641,137400,피엔티,특수 목적용 기계 제조업
1642,137940,넥스트아이,"측정, 시험, 항해, 제어 및 기타 정밀기기 제조업; 광학기기 제외"
1643,137950,제이씨케미칼,기타 화학제품 제조업
1644,138040,메리츠금융지주,기타 금융업
1645,138070,신진에스엠,기타 금속 가공제품 제조업
1646,138080,오이솔루션,통신 및 방송 장비 제조업
1647,138250,엔에스쇼핑,무점포 소매업
1648,138360,에이씨티,기타 화학제품 제조업
1649,138490,코오롱플라스틱,합성고무 및 플라스틱 물질 제조업
1650,138580,비즈니스온,소프트웨어 개발 및 공급업
1651,138610,나이벡,의료용품 및 기타 의약 관련제품 제조업
1652,138690,엘아이에스,특수 목적용 기계 제조업
1653,138930,BNK금융지주,기타 금융업
1654,139050,데일리블록체인,"컴퓨터 프로그래밍, 시스템 통합 및 관리업"
1655,139130,DGB금융지주,기타 금융업
1656,139480,이마트,종합 소매업
1657,139670,키네마스터,소프트웨어 개발 및 공급업
1658,140070,서플러스글로벌,기계장비 및 관련 물품 도매업
1659,140410,메지온,자연과학 및 공학 연구개발업
1660,140520,대창스틸,1차 철강 제조업
1661,140670,알에스오토메이션,전자부품 제조업
1662,140860,파크시스템스,"측정, 시험, 항해, 제어 및 기타 정밀기기 제조업; 광학기기 제외"
1663,140910,에이리츠,부동산 임대 및 공급업
1664,141000,비아트론,특수 목적용 기계 제조업
1665,141020,포티스,무점포 소매업
1666,141070,맥스로텍,특수 목적용 기계 제조업
1667,141080,레고켐바이오,자연과학 및 공학 연구개발업
1668,142210,유니트론텍,자동차 부품 및 내장품 판매업
1669,142280,녹십자엠에스,의료용품 및 기타 의약 관련제품 제조업
1670,142760,바이오리더스,자연과학 및 공학 연구개발업
1671,143160,아이디스,통신 및 방송 장비 제조업
1672,143210,핸즈코퍼레이션,자동차 신품 부품 제조업
1673,143240,사람인에이치알,"자료처리, 호스팅, 포털 및 기타 인터넷 정보매개 서비스업"
1674,143540,영우디에스피,특수 목적용 기계 제조업
1675,144510,녹십자랩셀,"그외 기타 전문, 과학 및 기술 서비스업"
1676,144620,코오롱머티리얼,화학섬유 제조업
1677,144960,뉴파워프라즈마,특수 목적용 기계 제조업
1678,145020,휴젤,기초 의약물질 및 생물학적 제제 제조업
1679,145210,세화아이엠씨,특수 목적용 기계 제조업
1680,145270,케이탑리츠,부동산 임대 및 공급업
1681,145720,덴티움,의료용 기기 제조업
1682,145990,삼양사,기타 식품 제조업
1683,147760,마이크로프랜드,"측정, 시험, 항해, 제어 및 기타 정밀기기 제조업; 광학기기 제외"
1684,147830,제룡산업,"구조용 금속제품, 탱크 및 증기발생기 제조업"
1685,148140,비디아이,일반 목적용 기계 제조업
1686,148150,세경하이테크,전자부품 제조업
1687,148250,알엔투테크놀로지,전자부품 제조업
1688,149950,아바텍,전자부품 제조업
1689,149980,하이로닉,의료용 기기 제조업
1690,150840,인트로메딕,의료용 기기 제조업
1691,150900,파수,소프트웨어 개발 및 공급업
1692,151860,KG ETS,폐기물 처리업
1693,151910,나노스,전자부품 제조업
1694,152330,코리아오토글라스,유리 및 유리제품 제조업
1695,152550,한국ANKOR유전,신탁업 및 집합투자업
1696,153360,하이골드3호,운송장비 임대업
1697,153460,네이블,소프트웨어 개발 및 공급업
1698,153490,우리이앤엘,반도체 제조업
1699,153710,옵티팜,의료용품 및 기타 의약 관련제품 제조업
1700,154030,아시아종묘,작물 재배업
1701,154040,솔루에타,전자부품 제조업
1702,155650,와이엠씨,전자부품 제조업
1703,155660,DSR,1차 비철금속 제조업
1704,155900,바다로19호,운송장비 임대업
1705,156100,엘앤케이바이오,의료용 기기 제조업
1706,158310,스타모빌리티,특수 목적용 기계 제조업
1707,158430,아톤,소프트웨어 개발 및 공급업
1708,159580,제로투세븐,생활용품 도매업
1709,159910,스킨앤스킨,기타 화학제품 제조업
1710,160550,NEW,"영화, 비디오물, 방송프로그램 제작 및 배급업"
1711,160600,이큐셀,특수 목적용 기계 제조업
1712,160980,싸이맥스,특수 목적용 기계 제조업
1713,161000,애경유화,기초 화학물질 제조업
1714,161390,한국타이어앤테크놀로지,고무제품 제조업
1715,161570,THE MIDONG,영상 및 음향기기 제조업
1716,161580,필옵틱스,특수 목적용 기계 제조업
1717,161890,한국콜마,기타 화학제품 제조업
1718,163560,동일고무벨트,고무제품 제조업
1719,164060,이루다,의료용 기기 제조업
1720,166090,하나머티리얼즈,반도체 제조업
1721,166480,코아스템,의약품 제조업
1722,168330,내츄럴엔도텍,자연과학 및 공학 연구개발업
1723,168490,한국패러랠,신탁업 및 집합투자업
1724,169330,엠브레인,시장조사 및 여론조사업
1725,170030,현대공업,자동차 신품 부품 제조업
1726,170790,파이오링크,통신 및 방송 장비 제조업
1727,170900,동아에스티,의약품 제조업
1728,170920,엘티씨,기초 화학물질 제조업
1729,171010,램테크놀러지,기초 화학물질 제조업
1730,171090,선익시스템,특수 목적용 기계 제조업
1731,171120,라이온켐텍,기타 화학제품 제조업
1732,172580,하이골드12호,운송장비 임대업
1733,173130,오파스넷,"컴퓨터 프로그래밍, 시스템 통합 및 관리업"
1734,173940,에프엔씨엔터,창작 및 예술관련 서비스업
1735,174880,장원테크,통신 및 방송 장비 제조업
1736,174900,앱클론,의료용품 및 기타 의약 관련제품 제조업
1737,175140,인포마크,통신 및 방송 장비 제조업
1738,175250,아이큐어,의약품 제조업
1739,175330,JB금융지주,기타 금융업
1740,176440,에이치엔티,전자부품 제조업
1741,177350,베셀,특수 목적용 기계 제조업
1742,177830,파버나인,전자부품 제조업
1743,178320,서진시스템,통신 및 방송 장비 제조업
1744,178780,유테크,전자부품 제조업
1745,178920,PI첨단소재,플라스틱제품 제조업
1746,179290,엠아이텍,의료용 기기 제조업
1747,179900,유티아이,전자부품 제조업
1748,180400,캔서롭,기타 과학기술 서비스업
1749,180640,한진칼,항공 여객 운송업
1750,181340,이즈미디어,"측정, 시험, 항해, 제어 및 기타 정밀기기 제조업; 광학기기 제외"
1751,181710,NHN,소프트웨어 개발 및 공급업
1752,182360,큐브엔터,오디오물 출판 및 원판 녹음업
1753,182400,엔케이맥스,기초 의약물질 및 생물학적 제제 제조업
1754,182690,테라셈,반도체 제조업
1755,183190,아세아시멘트,"시멘트, 석회, 플라스터 및 그 제품 제조업"
1756,183300,코미코,특수 목적용 기계 제조업
1757,183490,엔지켐생명과학,기초 의약물질 및 생물학적 제제 제조업
1758,184230,SGA솔루션즈,소프트웨어 개발 및 공급업
1759,185490,아이진,자연과학 및 공학 연구개발업
1760,185750,종근당,의약품 제조업
1761,186230,그린플러스,1차 비철금속 제조업
1762,187220,디티앤씨,기타 과학기술 서비스업
1763,187270,신화콘텍,"전동기, 발전기 및 전기 변환 · 공급 · 제어 장치 제조업"
1764,187420,제노포커스,기초 의약물질 및 생물학적 제제 제조업
1765,187790,나노,기초 화학물질 제조업
1766,187870,디바이스이엔지,특수 목적용 기계 제조업
1767,189300,인텔리안테크,통신 및 방송 장비 제조업
1768,189690,포시에스,소프트웨어 개발 및 공급업
1769,189860,서전기전,"전동기, 발전기 및 전기 변환 · 공급 · 제어 장치 제조업"
1770,189980,흥국에프엔비,비알코올음료 및 얼음 제조업
1771,190510,나무가,전자부품 제조업
1772,190650,코리아에셋투자증권,기타 금융업
1773,191410,육일씨엔에쓰,전자부품 제조업
1774,191420,테고사이언스,기초 의약물질 및 생물학적 제제 제조업
1775,192080,더블유게임즈,소프트웨어 개발 및 공급업
1776,192250,케이사인,소프트웨어 개발 및 공급업
1777,192390,윈하이텍,"구조용 금속제품, 탱크 및 증기발생기 제조업"
1778,192400,쿠쿠홀딩스,기타 금융업
1779,192410,감마누,통신 및 방송 장비 제조업
1780,192440,슈피겐코리아,그외 기타 제품 제조업
1781,192650,드림텍,전자부품 제조업
1782,192820,코스맥스,기타 화학제품 제조업
1783,193250,와이제이엠게임즈,전자부품 제조업
1784,194370,제이에스코퍼레이션,"가죽, 가방 및 유사제품 제조업"
1785,194480,데브시스터즈,소프트웨어 개발 및 공급업
1786,194700,노바렉스,기타 식품 제조업
1787,195440,퓨전,소프트웨어 개발 및 공급업
1788,195500,마니커에프앤지,"도축, 육류 가공 및 저장 처리업"
1789,195870,해성디에스,전자부품 제조업
1790,195990,에이비프로바이오,특수 목적용 기계 제조업
1791,196170,알테오젠,자연과학 및 공학 연구개발업
1792,196300,애니젠,기초 의약물질 및 생물학적 제제 제조업
1793,196450,디오스텍,사진장비 및 광학기기 제조업
1794,196490,디에이테크놀로지,특수 목적용 기계 제조업
1795,196700,웹스,합성고무 및 플라스틱 물질 제조업
1796,197140,디지캡,소프트웨어 개발 및 공급업
1797,198080,엔피디,전자부품 제조업
1798,198440,고려시멘트,"시멘트, 석회, 플라스터 및 그 제품 제조업"
1799,200130,콜마비앤에이치,기초 의약물질 및 생물학적 제제 제조업
1800,200230,텔콘RF제약,통신 및 방송 장비 제조업
1801,200470,에이팩트,"그외 기타 전문, 과학 및 기술 서비스업"
1802,200670,휴메딕스,의약품 제조업
1803,200710,에이디테크놀로지,반도체 제조업
1804,200780,비씨월드제약,의약품 제조업
1805,200880,서연이화,자동차 신품 부품 제조업
1806,201490,미투온,소프트웨어 개발 및 공급업
1807,203450,유니온커뮤니티,통신 및 방송 장비 제조업
1808,203650,드림시큐리티,소프트웨어 개발 및 공급업
1809,203690,프로스테믹스,기초 의약물질 및 생물학적 제제 제조업
1810,204020,그리티,봉제의복 제조업
1811,204210,모두투어리츠,부동산 임대 및 공급업
1812,204270,제이앤티씨,전자부품 제조업
1813,204320,만도,자동차 신품 부품 제조업
1814,204620,글로벌텍스프리,금융 지원 서비스업
1815,204630,스튜디오산타클로스,창작 및 예술관련 서비스업
1816,204840,지엘팜텍,자연과학 및 공학 연구개발업
1817,205100,엑셈,소프트웨어 개발 및 공급업
1818,205470,휴마시스,의료용품 및 기타 의약 관련제품 제조업
1819,205500,액션스퀘어,소프트웨어 개발 및 공급업
1820,206400,베노홀딩스,소프트웨어 개발 및 공급업
1821,206560,덱스터,"영화, 비디오물, 방송프로그램 제작 및 배급업"
1822,206640,바디텍메드,의료용품 및 기타 의약 관련제품 제조업
1823,206650,유바이오로직스,의약품 제조업
1824,207760,미스터블루,기타 정보 서비스업
1825,207940,삼성바이오로직스,기초 의약물질 및 생물학적 제제 제조업
1826,208140,정다운,"도축, 육류 가공 및 저장 처리업"
1827,208340,파멥신,의약품 제조업
1828,208350,지란지교시큐리티,소프트웨어 개발 및 공급업
1829,208370,셀바스헬스케어,의료용 기기 제조업
1830,208640,썸에이지,소프트웨어 개발 및 공급업
1831,208710,바이오로그디바이스,전자부품 제조업
1832,208860,엔지스테크널러지,소프트웨어 개발 및 공급업
1833,210540,디와이파워,특수 목적용 기계 제조업
1834,210980,SK디앤디,부동산 임대 및 공급업
1835,211270,AP위성,통신 및 방송 장비 제조업
1836,212560,네오오토,자동차 신품 부품 제조업
1837,213090,미래테크놀로지,소프트웨어 개발 및 공급업
1838,213420,덕산네오룩스,전자부품 제조업
1839,213500,한솔제지,"펄프, 종이 및 판지 제조업"
1840,214150,클래시스,의료용 기기 제조업
1841,214180,민앤지,기타 정보 서비스업
1842,214260,라파스,기타 화학제품 제조업
1843,214270,퓨쳐스트림네트웍스,소프트웨어 개발 및 공급업
1844,214310,세미콘라이트,반도체 제조업
1845,214320,이노션,광고업
1846,214330,금호에이치티,자동차 신품 부품 제조업
1847,214370,케어젠,기초 의약물질 및 생물학적 제제 제조업
1848,214390,경보제약,기초 의약물질 및 생물학적 제제 제조업
1849,214420,토니모리,기타 화학제품 제조업
1850,214430,아이쓰리시스템,전자부품 제조업
1851,214450,파마리서치프로덕트,생활용품 도매업
1852,214610,미코바이오메드,의료용 기기 제조업
1853,214680,디알텍,의료용 기기 제조업
1854,214870,뉴지랩,통신 및 방송 장비 제조업
1855,215000,골프존,소프트웨어 개발 및 공급업
1856,215090,이디티,"측정, 시험, 항해, 제어 및 기타 정밀기기 제조업; 광학기기 제외"
1857,215100,로보로보,기타 전기장비 제조업
1858,215200,메가스터디교육,일반 교습 학원
1859,215360,우리산업,자동차 신품 부품 제조업
1860,215380,우정바이오,자연과학 및 공학 연구개발업
1861,215480,토박스코리아,"섬유, 의복, 신발 및 가죽제품 소매업"
1862,215600,신라젠,자연과학 및 공학 연구개발업
1863,215790,이노인스트루먼트,통신 및 방송 장비 제조업
1864,216050,인크로스,광고업
1865,216080,제테마,의료용품 및 기타 의약 관련제품 제조업
1866,217190,제너셈,특수 목적용 기계 제조업
1867,217270,넵튠,소프트웨어 개발 및 공급업
1868,217330,싸이토젠,자연과학 및 공학 연구개발업
1869,217480,에스디생명공학,기타 화학제품 제조업
1870,217500,러셀,특수 목적용 기계 제조업
1871,217600,켐온,자연과학 및 공학 연구개발업
1872,217620,디딤,음식점업
1873,217730,강스템바이오텍,기초 의약물질 및 생물학적 제제 제조업
1874,217820,엔에스,특수 목적용 기계 제조업
1875,218150,미래생명자원,동물용 사료 및 조제식품 제조업
1876,218410,RFHIC,통신 및 방송 장비 제조업
1877,219130,타이거일렉,전자부품 제조업
1878,219420,링크제니시스,소프트웨어 개발 및 공급업
1879,219550,MP한강,생활용품 도매업
1880,219750,지티지웰니스,의료용 기기 제조업
1881,220100,퓨쳐켐,의약품 제조업
1882,220180,핸디소프트,소프트웨어 개발 및 공급업
1883,220260,켐트로스,기타 화학제품 제조업
1884,220630,해마로푸드서비스,음·식료품 및 담배 도매업
1885,221610,자안,기타 화학제품 제조업
1886,221840,하이즈항공,"항공기,우주선 및 부품 제조업"
1887,221980,케이디켐,기타 화학제품 제조업
1888,222040,코스맥스엔비티,기타 식품 제조업
1889,222080,씨아이에스,특수 목적용 기계 제조업
1890,222110,팬젠,의약품 제조업
1891,222420,쎄노텍,기타 비금속 광물제품 제조업
1892,222800,심텍,전자부품 제조업
1893,222810,마이더스AI,소프트웨어 개발 및 공급업
1894,222980,한국맥널티,기타 식품 제조업
1895,223250,드림씨아이에스,자연과학 및 공학 연구개발업
1896,223310,경남제약헬스케어,소프트웨어 개발 및 공급업
1897,224060,코디엠,특수 목적용 기계 제조업
1898,224110,에이텍티앤,통신 및 방송 장비 제조업
1899,225190,삼양옵틱스,사진장비 및 광학기기 제조업
1900,225220,제놀루션,기초 의약물질 및 생물학적 제제 제조업
1901,225330,씨엠에스에듀,일반 교습 학원
1902,225430,케이엠제약,기타 화학제품 제조업
1903,225530,보광산업,기타 비금속 광물제품 제조업
1904,225570,넷게임즈,소프트웨어 개발 및 공급업
1905,225590,패션플랫폼,봉제의복 제조업
1906,226320,잇츠한불,기타 화학제품 제조업
1907,226330,신테카바이오,소프트웨어 개발 및 공급업
1908,226340,본느,기타 화학제품 제조업
1909,226350,아이엠텍,전자부품 제조업
1910,226360,이엑스티,토목 건설업
1911,226400,오스테오닉,의료용 기기 제조업
1912,226440,한송네오텍,특수 목적용 기계 제조업
1913,226950,올릭스,자연과학 및 공학 연구개발업
1914,227100,디자인,"전동기, 발전기 및 전기 변환 · 공급 · 제어 장치 제조업"
1915,227610,아우딘퓨쳐스,기타 화학제품 제조업
1916,227840,현대코퍼레이션홀딩스,음·식료품 및 담배 도매업
1917,227950,엔투텍,특수 목적용 기계 제조업
1918,228340,동양파일,"시멘트, 석회, 플라스터 및 그 제품 제조업"
1919,228670,레이,의료용 기기 제조업
1920,228760,지노믹트리,의료용품 및 기타 의약 관련제품 제조업
1921,228850,레이언스,의료용 기기 제조업
1922,229000,젠큐릭스,의료용품 및 기타 의약 관련제품 제조업
1923,229640,LS전선아시아,기타 금융업
1924,230240,에치에프알,통신 및 방송 장비 제조업
1925,230360,에코마케팅,광고업
1926,230980,솔트웍스,소프트웨어 개발 및 공급업
1927,232140,와이아이케이,특수 목적용 기계 제조업
1928,234080,JW생명과학,의약품 제조업
1929,234100,세원,자동차 신품 부품 제조업
1930,234300,에스트래픽,"컴퓨터 프로그래밍, 시스템 통합 및 관리업"
1931,234340,세틀뱅크,기타 정보 서비스업
1932,234690,녹십자웰빙,의약품 제조업
1933,234920,자이글,가정용 기기 제조업
1934,235980,메드팩토,자연과학 및 공학 연구개발업
1935,236200,슈프리마,통신 및 방송 장비 제조업
1936,237690,에스티팜,의약품 제조업
1937,237750,피앤씨테크,"전동기, 발전기 및 전기 변환 · 공급 · 제어 장치 제조업"
1938,237820,플레이디,광고업
1939,237880,클리오,기타 화학제품 제조업
1940,238090,앤디포스,플라스틱제품 제조업
1941,238120,얼라인드,사진장비 및 광학기기 제조업
1942,238200,비피도,기타 식품 제조업
1943,238490,힘스,특수 목적용 기계 제조업
1944,239340,줌인터넷,"자료처리, 호스팅, 포털 및 기타 인터넷 정보매개 서비스업"
1945,239610,에이치엘사이언스,기타 식품 제조업
1946,240810,원익IPS,특수 목적용 기계 제조업
1947,241520,DSC인베스트먼트,신탁업 및 집합투자업
1948,241560,두산밥캣,특수 목적용 기계 제조업
1949,241590,화승엔터프라이즈,신발 및 신발 부분품 제조업
1950,241690,유니테크노,자동차 신품 부품 제조업
1951,241710,코스메카코리아,기타 화학제품 제조업
1952,241770,메카로,기타 화학제품 제조업
1953,241790,오션브릿지,특수 목적용 기계 제조업
1954,241820,피씨엘,의료용품 및 기타 의약 관련제품 제조업
1955,241840,에이스토리,"영화, 비디오물, 방송프로그램 제작 및 배급업"
1956,242040,나무기술,소프트웨어 개발 및 공급업
1957,243070,휴온스,의약품 제조업
1958,243840,신흥에스이씨,일차전지 및 축전지 제조업
1959,244460,올리패스,기초 의약물질 및 생물학적 제제 제조업
1960,245620,EDGC,자연과학 및 공학 연구개발업
1961,246690,TS인베스트먼트,신탁업 및 집합투자업
1962,246710,티앤알바이오팹,기초 의약물질 및 생물학적 제제 제조업
1963,246720,아스타,의료용품 및 기타 의약 관련제품 제조업
1964,246960,이노테라피,의료용품 및 기타 의약 관련제품 제조업
1965,247540,에코프로비엠,일차전지 및 축전지 제조업
1966,248170,샘표식품,기타 식품 제조업
1967,249420,일동제약,의약품 제조업
1968,250000,보라티알,음·식료품 및 담배 도매업
1969,250060,모비스,"컴퓨터 프로그래밍, 시스템 통합 및 관리업"
1970,250930,예선테크,플라스틱제품 제조업
1971,251270,넷마블,소프트웨어 개발 및 공급업
1972,251370,와이엠티,기초 화학물질 제조업
1973,251630,브이원텍,특수 목적용 기계 제조업
1974,251970,펌텍코리아,플라스틱제품 제조업
1975,252500,세화피앤씨,기타 화학제품 제조업
1976,253450,스튜디오드래곤,"영화, 비디오물, 방송프로그램 제작 및 배급업"
1977,253590,네오셈,특수 목적용 기계 제조업
1978,253840,수젠텍,의료용품 및 기타 의약 관련제품 제조업
1979,254120,자비스,특수 목적용 기계 제조업
1980,255220,SG,기타 비금속 광물제품 제조업
1981,255440,야스,특수 목적용 기계 제조업
1982,256150,한독크린텍,일반 목적용 기계 제조업
1983,256630,포인트엔지니어링,기타 금속 가공제품 제조업
1984,256840,한국비엔씨,기초 의약물질 및 생물학적 제제 제조업
1985,256940,케이피에스,특수 목적용 기계 제조업
1986,257370,명성티엔에스,특수 목적용 기계 제조업
1987,258610,이더블유케이,"구조용 금속제품, 탱크 및 증기발생기 제조업"
1988,258790,소프트캠프,소프트웨어 개발 및 공급업
1989,258830,세종메디칼,의료용 기기 제조업
1990,259630,엠플러스,특수 목적용 기계 제조업
1991,260660,알리코제약,의료용품 및 기타 의약 관련제품 제조업
1992,260930,씨티케이코스메틱스,기타 화학제품 제조업
1993,261200,덴티스,의료용 기기 제조업
1994,262260,에이프로,기타 전기장비 제조업
1995,263020,디케이앤디,플라스틱제품 제조업
1996,263050,유틸렉스,기초 의약물질 및 생물학적 제제 제조업
1997,263540,샘코,"항공기,우주선 및 부품 제조업"
1998,263600,덕우전자,전자부품 제조업
1999,263690,디알젬,의료용 기기 제조업
2000,263700,케어랩스,소프트웨어 개발 및 공급업
2001,263720,디앤씨미디어,"서적, 잡지 및 기타 인쇄물 출판업"
2002,263750,펄어비스,소프트웨어 개발 및 공급업
2003,263770,유에스티,1차 철강 제조업
2004,263800,데이타솔루션,기계장비 및 관련 물품 도매업
2005,263810,상신전자,전자부품 제조업
2006,263860,지니언스,소프트웨어 개발 및 공급업
2007,263920,블러썸엠앤씨,그외 기타 제품 제조업
2008,264450,유비쿼스,통신 및 방송 장비 제조업
2009,264660,씨앤지하이테크,특수 목적용 기계 제조업
2010,264850,이랜시스,전자부품 제조업
2011,264900,크라운제과,기타 식품 제조업
2012,265520,AP시스템,특수 목적용 기계 제조업
2013,265560,영화테크,자동차 신품 부품 제조업
2014,267250,현대중공업지주,석유 정제품 제조업
2015,267260,현대일렉트릭,"전동기, 발전기 및 전기 변환 · 공급 · 제어 장치 제조업"
2016,267270,현대건설기계,일반 목적용 기계 제조업
2017,267290,경동도시가스,연료용 가스 제조 및 배관공급업
2018,267320,나인테크,특수 목적용 기계 제조업
2019,267790,배럴,봉제의복 제조업
2020,267850,아시아나IDT,"컴퓨터 프로그래밍, 시스템 통합 및 관리업"
2021,267980,매일유업,낙농제품 및 식용빙과류 제조업
2022,268280,미원에스씨,기초 화학물질 제조업
2023,268600,셀리버리,자연과학 및 공학 연구개발업
2024,269620,시스웍,"측정, 시험, 항해, 제어 및 기타 정밀기기 제조업; 광학기기 제외"
2025,270520,지엔원에너지,"건축기술, 엔지니어링 및 관련 기술 서비스업"
2026,270870,뉴트리,기타 식품 제조업
2027,271560,오리온,기타 식품 제조업
2028,271980,제일약품,의약품 제조업
2029,272110,케이엔제이,특수 목적용 기계 제조업
2030,272210,한화시스템,전자부품 제조업
2031,272290,이녹스첨단소재,전자부품 제조업
2032,272450,진에어,항공 여객 운송업
2033,272550,삼양패키징,플라스틱제품 제조업
2034,273060,와이즈버즈,광고업
2035,274090,켄코아에어로스페이스,"항공기,우주선 및 부품 제조업"
2036,275630,에스에스알,소프트웨어 개발 및 공급업
2037,277070,린드먼아시아,신탁업 및 집합투자업
2038,277410,인산가,기타 식품 제조업
2039,277880,티에스아이,특수 목적용 기계 제조업
2040,278280,천보,기초 화학물질 제조업
2041,278650,노터스,자연과학 및 공학 연구개발업
2042,279600,미디어젠,소프트웨어 개발 및 공급업
2043,280360,롯데제과,기타 식품 제조업
2044,281740,레이크머티리얼즈,기타 화학제품 제조업
2045,281820,케이씨텍,"측정, 시험, 항해, 제어 및 기타 정밀기기 제조업; 광학기기 제외"
2046,282330,BGF리테일,종합 소매업
2047,282690,동아타이어,고무제품 제조업
2048,282880,코윈테크,특수 목적용 기계 제조업
2049,284620,카이노스메드,자연과학 및 공학 연구개발업
2050,284740,쿠쿠홈시스,개인 및 가정용품 임대업
2051,285130,SK케미칼,합성고무 및 플라스틱 물질 제조업
2052,285490,노바텍,그외 기타 제품 제조업
2053,286750,나노브릭,기초 화학물질 제조업
2054,286940,롯데정보통신,"컴퓨터 프로그래밍, 시스템 통합 및 관리업"
2055,287410,유안타제3호스팩,금융 지원 서비스업
2056,288330,브릿지바이오테라퓨틱스,기초 의약물질 및 생물학적 제제 제조업
2057,288620,에스퓨얼셀,"전동기, 발전기 및 전기 변환 · 공급 · 제어 장치 제조업"
2058,289010,아이스크림에듀,"서적, 잡지 및 기타 인쇄물 출판업"
2059,289080,SV인베스트먼트,기타 금융업
2060,290120,대유에이피,자동차 신품 부품 제조업
2061,290270,휴네시온,소프트웨어 개발 및 공급업
2062,290380,대유,"비료, 농약 및 살균, 살충제 제조업"
2063,290510,코리아센터,소프트웨어 개발 및 공급업
2064,290520,신도기연,특수 목적용 기계 제조업
2065,290550,디케이티,전자부품 제조업
2066,290650,엘앤씨바이오,의약품 제조업
2067,290660,네오펙트,의료용 기기 제조업
2068,290670,대보마그네틱,기타 전기장비 제조업
2069,290720,푸드나무,무점포 소매업
2070,290740,액트로,전자부품 제조업
2071,291210,한국제7호스팩,금융 지원 서비스업
2072,291230,삼성스팩2호,금융 지원 서비스업
2073,291650,압타머사이언스,자연과학 및 공학 연구개발업
2074,293480,하나제약,의약품 제조업
2075,293490,카카오게임즈,소프트웨어 개발 및 공급업
2076,293580,나우IB,기타 금융업
2077,293780,압타바이오,자연과학 및 공학 연구개발업
2078,293940,신한알파리츠,부동산 임대 및 공급업
2079,294090,이오플로우,의료용 기기 제조업
2080,294140,레몬,화학섬유 제조업
2081,294630,서남,기타 전기장비 제조업
2082,294870,HDC현대산업개발,건물 건설업
2083,297090,씨에스베어링,일반 목적용 기계 제조업
2084,297570,알로이스,통신 및 방송 장비 제조업
2085,297890,엘이티,특수 목적용 기계 제조업
2086,298000,효성화학,기초 화학물질 제조업
2087,298020,효성티앤씨,화학섬유 제조업
2088,298040,효성중공업,"전동기, 발전기 및 전기 변환 · 공급 · 제어 장치 제조업"
2089,298050,효성첨단소재,화학섬유 제조업
2090,298060,에스씨엠생명과학,의약품 제조업
2091,298380,에이비엘바이오,기초 의약물질 및 생물학적 제제 제조업
2092,298540,더네이쳐홀딩스,"섬유, 의복, 신발 및 가죽제품 소매업"
2093,298690,에어부산,항공 여객 운송업
2094,299170,IBKS제10호스팩,금융 지원 서비스업
2095,299660,셀리드,자연과학 및 공학 연구개발업
2096,299900,위지윅스튜디오,"영화, 비디오물, 방송프로그램 제작 및 배급업"
2097,299910,베스파,소프트웨어 개발 및 공급업
2098,300080,플리토,"자료처리, 호스팅, 포털 및 기타 인터넷 정보매개 서비스업"
2099,300120,라온피플,소프트웨어 개발 및 공급업
2100,300720,한일시멘트,"시멘트, 석회, 플라스터 및 그 제품 제조업"
2101,302430,이노메트리,특수 목적용 기계 제조업
2102,302550,리메드,의료용 기기 제조업
2103,303030,지니틱스,반도체 제조업
2104,304100,솔트룩스,소프트웨어 개발 및 공급업
2105,304840,피플바이오,의료용품 및 기타 의약 관련제품 제조업
2106,305090,마이크로디지탈,의료용 기기 제조업
2107,306040,에스제이그룹,"가죽, 가방 및 유사제품 제조업"
2108,306200,세아제강,1차 철강 제조업
2109,306620,네온테크,특수 목적용 기계 제조업
2110,307070,SK4호스팩,금융 지원 서비스업
2111,307160,하나머스트제6호스팩,금융 지원 서비스업
2112,307180,아이엘사이언스,전구 및 조명장치 제조업
2113,307280,교보8호스팩,금융 지원 서비스업
2114,307750,대신밸런스제6호스팩,금융 지원 서비스업
2115,307870,상상인이안1호스팩,금융 지원 서비스업
2116,307930,컴퍼니케이,기타 금융업
2117,307950,현대오토에버,소프트웨어 개발 및 공급업
2118,308100,까스텔바작,"섬유, 의복, 신발 및 가죽제품 소매업"
2119,308170,센트랄모텍,자동차 신품 부품 제조업
2120,309930,삼성머스트스팩3호,금융 지원 서비스업
2121,310200,애니플러스,"영화, 비디오물, 방송프로그램 제작 및 배급업"
2122,310840,엔에이치스팩13호,금융 지원 서비스업
2123,310870,한국제8호스팩,금융 지원 서비스업
2124,311270,키움제5호스팩,금융 지원 서비스업
2125,311390,네오크레마,기타 식품 제조업
2126,311690,천랩,자연과학 및 공학 연구개발업
2127,312610,에이에프더블류,일차전지 및 축전지 제조업
2128,313750,유안타제4호스팩,금융 지원 서비스업
2129,313760,윌링스,"전동기, 발전기 및 전기 변환 · 공급 · 제어 장치 제조업"
2130,316140,우리금융지주,기타 금융업
2131,317030,케이비17호스팩,금융 지원 서비스업
2132,317120,라닉스,반도체 제조업
2133,317240,하이제4호스팩,금융 지원 서비스업
2134,317320,한화에스비아이스팩,금융 지원 서비스업
2135,317330,덕산테코피아,기타 화학제품 제조업
2136,317400,자이에스앤디,부동산 임대 및 공급업
2137,317530,캐리소프트,"영화, 비디오물, 방송프로그램 제작 및 배급업"
2138,317770,슈프리마아이디,전자부품 제조업
2139,317830,에스피시스템스,특수 목적용 기계 제조업
2140,317850,대모,특수 목적용 기계 제조업
2141,317870,엔바이오니아,그외 기타 제품 제조업
2142,318000,한국바이오젠,합성고무 및 플라스틱 물질 제조업
2143,318010,팜스빌,기타 식품 제조업
2144,318410,비비씨,그외 기타 제품 제조업
2145,319400,엔에이치스팩14호,금융 지원 서비스업
2146,319660,피에스케이,특수 목적용 기계 제조업
2147,320000,윈텍,특수 목적용 기계 제조업
2148,321260,유진스팩4호,금융 지원 서비스업
2149,321550,티움바이오,자연과학 및 공학 연구개발업
2150,322000,현대에너지솔루션,반도체 제조업
2151,322180,티라유텍,소프트웨어 개발 및 공급업
2152,322510,제이엘케이,소프트웨어 개발 및 공급업
2153,322780,DB금융스팩7호,금융 지원 서비스업
2154,323210,이베스트이안스팩1호,금융 지원 서비스업
2155,323230,신한제5호스팩,금융 지원 서비스업
2156,323280,신영스팩5호,금융 지원 서비스업
2157,323940,케이비제18호스팩,금융 지원 서비스업
2158,323990,박셀바이오,자연과학 및 공학 연구개발업
2159,326030,SK바이오팜,자연과학 및 공학 연구개발업
2160,327260,메탈라이프,전자부품 제조업
2161,328380,미래에셋대우스팩3호,금융 지원 서비스업
2162,329560,상상인이안제2호스팩,금융 지원 서비스업
2163,330350,위더스제약,의약품 제조업
2164,330590,롯데리츠,부동산 임대 및 공급업
2165,330990,케이비제19호스팩,금융 지원 서비스업
2166,331380,유진스팩5호,금융 지원 서비스업
2167,331520,교보9호스팩,금융 지원 서비스업
2168,331920,셀레믹스,기초 의약물질 및 생물학적 제제 제조업
2169,332290,대신밸런스제7호스팩,금융 지원 서비스업
2170,332370,아이디피,컴퓨터 및 주변장치 제조업
2171,332570,와이팜,전자부품 제조업
2172,332710,하나금융14호스팩,금융 지원 서비스업
2173,333050,신한제6호스팩,금융 지원 서비스업
2174,333430,미래에셋대우스팩4호,금융 지원 서비스업
2175,334890,이지스밸류리츠,부동산 임대 및 공급업
2176,335870,IBKS제12호스팩,금융 지원 서비스업
2177,335890,IBKS제11호스팩,금융 지원 서비스업
2178,336060,유안타제5호스팩,금융 지원 서비스업
2179,336260,두산퓨얼셀,"전동기, 발전기 및 전기 변환 · 공급 · 제어 장치 제조업"
2180,336370,두산솔루스,전자부품 제조업
2181,336570,대신밸런스제8호스팩,금융 지원 서비스업
2182,337450,SK5호스팩,금융 지원 서비스업
2183,337930,브랜드엑스코퍼레이션,기타 정보 서비스업
2184,338100,NH프라임리츠,부동산 임대 및 공급업
2185,339950,아이비김영,일반 교습 학원
2186,340120,하이제5호스팩,금융 지원 서비스업
2187,340350,SK6호스팩,금융 지원 서비스업
2188,340360,유안타제6호스팩,금융 지원 서비스업
2189,340440,한화플러스제1호스팩,금융 지원 서비스업
2190,341160,하나금융15호스팩,금융 지원 서비스업
2191,342550,케이비제20호스팩,금융 지원 서비스업
2192,343510,하나금융16호스팩,금융 지원 서비스업
2193,344050,신영스팩6호,금융 지원 서비스업
2194,344820,케이씨씨글라스,유리 및 유리제품 제조업
2195,347140,케이프이에스제4호,기타 금융업
2196,347740,피엔케이피부임상연구센타,"그외 기타 전문, 과학 및 기술 서비스업"
2197,347770,핌스,전자부품 제조업
2198,347890,엠투아이,"측정, 시험, 항해, 제어 및 기타 정밀기기 제조업; 광학기기 제외"
2199,348210,넥스틴,특수 목적용 기계 제조업
2200,348950,제이알글로벌리츠,부동산 임대 및 공급업
2201,349720,이베스트스팩5호,금융 지원 서비스업
2202,350520,이지스레지던스리츠,부동산 임대 및 공급업
2203,351320,IBKS제14호스팩,기타 금융업
2204,351340,IBKS제13호스팩,금융 지원 서비스업
2205,352820,빅히트,오디오물 출판 및 원판 녹음업
2206,353070,에이치엠씨제4호스팩,금융 지원 서비스업
2207,353190,엔에이치스팩16호,금융 지원 서비스업
2208,353200,대덕전자,전자부품 제조업
2209,353490,미래에셋대우스팩 5호,금융 지원 서비스업
2210,353810,이지바이오,동물용 사료 및 조제식품 제조업
2211,355150,교보10호스팩,기타 금융업
2212,357120,코람코에너지리츠,부동산 임대 및 공급업
2213,357250,미래에셋맵스리츠,부동산 임대 및 공급업
2214,357780,솔브레인,기타 화학제품 제조업
2215,359090,엔에이치스팩17호,금융 지원 서비스업
2216,363280,티와이홀딩스,기타 금융업
2217,900070,글로벌에스엠,기타 금융업
2218,900080,에스앤씨엔진그룹,기타 금융업
2219,900100,뉴프라이드,자동차 부품 및 내장품 판매업
2220,900110,이스트아시아홀딩스,기타 금융업
2221,900120,씨케이에이치,기타 금융업
2222,900140,엘브이엠씨홀딩스,자동차 판매업
2223,900250,크리스탈신소재,기타 금융업
2224,900260,로스웰,기타 금융업
2225,900270,헝셩그룹,기타 금융업
2226,900280,골든센츄리,기타 금융업
2227,900290,GRT,기타 금융업
2228,900300,오가닉티코스메틱,기타 금융업
2229,900310,컬러레이,기타 금융업
2230,900340,윙입푸드,기타 금융업
2231,950110,SBI핀테크솔루션즈,소프트웨어 개발 및 공급업
2232,950130,엑세스바이오,의료용품 및 기타 의약 관련제품 제조업
2233,950140,잉글우드랩,기타 화학제품 제조업
2234,950160,코오롱티슈진,기초 의약물질 및 생물학적 제제 제조업
2235,950170,JTC,종합 소매업
2236,950180,SNK,소프트웨어 개발 및 공급업
2237,950190,미투젠,소프트웨어 개발 및 공급업
2238,950200,소마젠(Reg.S),"그외 기타 전문, 과학 및 기술 서비스업"
